{"transport": "stdio", "event": "wxcc_mcp_server_starting", "level": "info", "timestamp": "2026-07-15T10:36:24.145300Z"}
{"transport": "stdio", "event": "wxcc_mcp_server_starting", "level": "info", "timestamp": "2026-07-15T10:36:40.376359Z"}
{"transport": "stdio", "event": "wxcc_mcp_server_starting", "level": "info", "timestamp": "2026-07-15T10:39:45.234946Z"}
Processing request of type ListToolsRequest
Processing request of type ListPromptsRequest
Processing request of type ListResourcesRequest
{"transport": "stdio", "event": "wxcc_mcp_server_starting", "level": "info", "timestamp": "2026-07-15T10:44:06.093763Z"}
{"transport": "stdio", "event": "wxcc_mcp_server_starting", "level": "info", "timestamp": "2026-07-15T10:47:44.750038Z"}
Processing request of type ListToolsRequest
Processing request of type ListPromptsRequest
Processing request of type ListResourcesRequest
{"transport": "stdio", "event": "wxcc_mcp_server_starting", "level": "info", "timestamp": "2026-07-15T10:49:24.837024Z"}
Processing request of type ListToolsRequest
Received exception from stream: 1 validation error for JSONRPCMessage
  Invalid JSON: EOF while parsing a value at line 2 column 0 [type=json_invalid, input_value='\n', input_type=str]
    For further information visit https://errors.pydantic.dev/2.13/v/json_invalid
{"transport": "stdio", "event": "wxcc_mcp_server_starting", "level": "info", "timestamp": "2026-07-15T10:52:06.675749Z"}
Processing request of type CallToolRequest
{"tool": "list_agents", "org_id": "a1934c08-18c6-4e96-9862-831fe8994392", "event": "tool_invoked", "level": "info", "timestamp": "2026-07-15T10:52:06.691404Z"}
{"session_id": "local-stdio-session", "event": "using_static_access_token", "level": "info", "timestamp": "2026-07-15T10:52:07.103325Z"}
{"method": "GET", "family": "config", "path": "/organization/a1934c08-18c6-4e96-9862-831fe8994392/user", "attempt": 1, "event": "wxcc_api_call", "level": "info", "timestamp": "2026-07-15T10:52:07.103475Z"}
HTTP Request: GET https://api.wxcc-us1.cisco.com/organization/a1934c08-18c6-4e96-9862-831fe8994392/user?max=5 "HTTP/1.1 200 OK"
{"transport": "stdio", "event": "wxcc_mcp_server_starting", "level": "info", "timestamp": "2026-07-15T10:52:42.996878Z"}
Processing request of type CallToolRequest
{"tool": "list_agents", "org_id": "a1934c08-18c6-4e96-9862-831fe8994392", "event": "tool_invoked", "level": "info", "timestamp": "2026-07-15T10:52:43.014129Z"}
{"session_id": "local-stdio-session", "event": "using_static_access_token", "level": "info", "timestamp": "2026-07-15T10:52:43.393348Z"}
{"method": "GET", "family": "config", "path": "/organization/a1934c08-18c6-4e96-9862-831fe8994392/user", "attempt": 1, "event": "wxcc_api_call", "level": "info", "timestamp": "2026-07-15T10:52:43.393580Z"}
HTTP Request: GET https://api.wxcc-us1.cisco.com/organization/a1934c08-18c6-4e96-9862-831fe8994392/user?max=3 "HTTP/1.1 200 OK"
{"transport": "stdio", "event": "wxcc_mcp_server_starting", "level": "info", "timestamp": "2026-07-15T10:54:35.450322Z"}
Processing request of type CallToolRequest
{"tool": "list_agents", "org_id": "a1934c08-18c6-4e96-9862-831fe8994392", "event": "tool_invoked", "level": "info", "timestamp": "2026-07-15T10:54:35.463532Z"}
{"session_id": "local-stdio-session", "event": "using_static_access_token", "level": "info", "timestamp": "2026-07-15T10:54:35.787334Z"}
{"method": "GET", "family": "config", "path": "/organization/a1934c08-18c6-4e96-9862-831fe8994392/user", "attempt": 1, "event": "wxcc_api_call", "level": "info", "timestamp": "2026-07-15T10:54:35.787471Z"}
HTTP Request: GET https://api.wxcc-us1.cisco.com/organization/a1934c08-18c6-4e96-9862-831fe8994392/user?max=3 "HTTP/1.1 200 OK"
{"transport": "stdio", "event": "wxcc_mcp_server_starting", "level": "info", "timestamp": "2026-07-15T11:28:14.098445Z"}
Processing request of type ListToolsRequest
Processing request of type ListPromptsRequest
Processing request of type ListResourcesRequest
{"transport": "stdio", "event": "wxcc_mcp_server_starting", "level": "info", "timestamp": "2026-07-15T11:38:03.527995Z"}
Processing request of type ListToolsRequest
Processing request of type ListPromptsRequest
Processing request of type ListResourcesRequest
Processing request of type CallToolRequest
{"tool": "list_agents", "org_id": "a1934c08-18c6-4e96-9862-831fe8994392", "event": "tool_invoked", "level": "info", "timestamp": "2026-07-15T11:38:18.561526Z"}
{"session_id": "local-stdio-session", "event": "using_static_access_token", "level": "info", "timestamp": "2026-07-15T11:38:19.279326Z"}
{"method": "GET", "family": "config", "path": "/organization/a1934c08-18c6-4e96-9862-831fe8994392/user", "attempt": 1, "event": "wxcc_api_call", "level": "info", "timestamp": "2026-07-15T11:38:19.279473Z"}
HTTP Request: GET https://api.wxcc-us1.cisco.com/organization/a1934c08-18c6-4e96-9862-831fe8994392/user?max=2 "HTTP/1.1 200 OK"
{"transport": "stdio", "event": "wxcc_mcp_server_starting", "level": "info", "timestamp": "2026-07-15T11:48:37.040789Z"}
Processing request of type ListToolsRequest
Processing request of type ListPromptsRequest
Processing request of type ListResourcesRequest
{"transport": "stdio", "toolsets": ["core"], "tools_enabled": 18, "tools_hidden": 84, "event": "wxcc_mcp_server_starting", "level": "info", "timestamp": "2026-07-15T11:59:24.283368Z"}
Processing request of type ListToolsRequest
Processing request of type CallToolRequest
{"tool": "list_agents", "org_id": "a1934c08-18c6-4e96-9862-831fe8994392", "event": "tool_invoked", "level": "info", "timestamp": "2026-07-15T11:59:24.302860Z"}
{"session_id": "local-stdio-session", "event": "using_static_access_token", "level": "info", "timestamp": "2026-07-15T11:59:24.753258Z"}
{"method": "GET", "family": "config", "path": "/organization/a1934c08-18c6-4e96-9862-831fe8994392/user", "attempt": 1, "event": "wxcc_api_call", "level": "info", "timestamp": "2026-07-15T11:59:24.753532Z"}
HTTP Request: GET https://api.wxcc-us1.cisco.com/organization/a1934c08-18c6-4e96-9862-831fe8994392/user?max=2 "HTTP/1.1 200 OK"
{"transport": "stdio", "toolsets": ["core"], "tools_enabled": 18, "tools_hidden": 84, "event": "wxcc_mcp_server_starting", "level": "info", "timestamp": "2026-07-15T12:05:24.764691Z"}
Processing request of type ListToolsRequest
Processing request of type ListPromptsRequest
Processing request of type ListResourcesRequest
{"transport": "stdio", "toolsets": ["core"], "tools_enabled": 18, "tools_hidden": 84, "event": "wxcc_mcp_server_starting", "level": "info", "timestamp": "2026-07-15T12:08:04.442338Z"}
{"transport": "stdio", "toolsets": ["core"], "tools_enabled": 18, "tools_hidden": 84, "event": "wxcc_mcp_server_starting", "level": "info", "timestamp": "2026-07-15T12:11:32.502974Z"}
Processing request of type ListResourcesRequest
Processing request of type ListToolsRequest
Processing request of type ListResourcesRequest
Processing request of type ListPromptsRequest
Processing request of type SubscribeRequest
Processing request of type SubscribeRequest
Processing request of type ListPromptsRequest
Processing request of type SubscribeRequest
Processing request of type SubscribeRequest
Processing request of type SubscribeRequest
Processing request of type SubscribeRequest
Processing request of type SubscribeRequest
Processing request of type SubscribeRequest
Processing request of type SubscribeRequest
Processing request of type SubscribeRequest
Processing request of type SubscribeRequest
Processing request of type SubscribeRequest
Processing request of type SubscribeRequest
Processing request of type ListToolsRequest
Processing request of type ListPromptsRequest
Processing request of type ListResourcesRequest
Processing request of type ListToolsRequest
Processing request of type ListPromptsRequest
Processing request of type ListResourcesRequest
{"transport": "stdio", "toolsets": ["core"], "tools_enabled": 18, "tools_hidden": 84, "event": "wxcc_mcp_server_starting", "level": "info", "timestamp": "2026-07-15T12:12:13.529341Z"}
Processing request of type ListResourcesRequest
Processing request of type ListToolsRequest
Processing request of type ListResourcesRequest
Processing request of type ListPromptsRequest
Processing request of type SubscribeRequest
Processing request of type SubscribeRequest
Processing request of type SubscribeRequest
Processing request of type SubscribeRequest
Processing request of type SubscribeRequest
Processing request of type SubscribeRequest
Processing request of type SubscribeRequest
Processing request of type SubscribeRequest
Processing request of type SubscribeRequest
Processing request of type SubscribeRequest
Processing request of type SubscribeRequest
Processing request of type SubscribeRequest
Processing request of type SubscribeRequest
{"transport": "stdio", "toolsets": ["core"], "tools_enabled": 18, "tools_hidden": 84, "event": "wxcc_mcp_server_starting", "level": "info", "timestamp": "2026-07-15T12:12:18.859906Z"}
Processing request of type CallToolRequest
{"tool": "list_agents", "org_id": "a1934c08-18c6-4e96-9862-831fe8994392", "event": "tool_invoked", "level": "info", "timestamp": "2026-07-15T12:13:18.946688Z"}
{"session_id": "local-stdio-session", "event": "using_static_access_token", "level": "info", "timestamp": "2026-07-15T12:13:19.453153Z"}
{"method": "GET", "family": "config", "path": "/organization/a1934c08-18c6-4e96-9862-831fe8994392/user", "attempt": 1, "event": "wxcc_api_call", "level": "info", "timestamp": "2026-07-15T12:13:19.453320Z"}
HTTP Request: GET https://api.wxcc-us1.cisco.com/organization/a1934c08-18c6-4e96-9862-831fe8994392/user?max=100 "HTTP/1.1 200 OK"
{"transport": "stdio", "toolsets": ["core"], "tools_enabled": 18, "tools_hidden": 84, "event": "wxcc_mcp_server_starting", "level": "info", "timestamp": "2026-07-15T12:14:26.997402Z"}
Processing request of type ListToolsRequest
Processing request of type ListPromptsRequest
Processing request of type ListResourcesRequest
Processing request of type ListToolsRequest
Processing request of type ListPromptsRequest
Processing request of type ListResourcesRequest
Processing request of type ListToolsRequest
Processing request of type ListPromptsRequest
Processing request of type ListResourcesRequest
Processing request of type PingRequest
Processing request of type ListToolsRequest
Processing request of type ListPromptsRequest
Processing request of type ListResourcesRequest
Processing request of type ListToolsRequest
Processing request of type ListPromptsRequest
Processing request of type ListResourcesRequest
Processing request of type PingRequest
{"transport": "stdio", "toolsets": ["read", "realtime"], "tools_enabled": 48, "tools_hidden": 54, "event": "wxcc_mcp_server_starting", "level": "info", "timestamp": "2026-07-15T12:25:19.371830Z"}
Processing request of type ListToolsRequest
Processing request of type ListPromptsRequest
Processing request of type ListResourcesRequest
{"transport": "stdio", "toolsets": ["read", "realtime"], "tools_enabled": 48, "tools_hidden": 54, "event": "wxcc_mcp_server_starting", "level": "info", "timestamp": "2026-07-15T12:26:49.430226Z"}
Processing request of type ListResourcesRequest
Processing request of type ListToolsRequest
Processing request of type ListResourcesRequest
Processing request of type ListPromptsRequest
Processing request of type SubscribeRequest
Processing request of type SubscribeRequest
Processing request of type SubscribeRequest
Processing request of type SubscribeRequest
Processing request of type SubscribeRequest
Processing request of type SubscribeRequest
Processing request of type SubscribeRequest
Processing request of type SubscribeRequest
Processing request of type SubscribeRequest
Processing request of type SubscribeRequest
Processing request of type SubscribeRequest
Processing request of type SubscribeRequest
Processing request of type SubscribeRequest
Processing request of type ListToolsRequest
Processing request of type ListPromptsRequest
Processing request of type ListResourcesRequest
Processing request of type ListToolsRequest
Processing request of type ListPromptsRequest
Processing request of type ListResourcesRequest
Processing request of type PingRequest
Processing request of type ListToolsRequest
Processing request of type ListPromptsRequest
Processing request of type ListResourcesRequest
Processing request of type ListToolsRequest
Processing request of type ListPromptsRequest
Processing request of type ListResourcesRequest
Processing request of type PingRequest
Processing request of type ListToolsRequest
Processing request of type ListPromptsRequest
Processing request of type ListResourcesRequest
Processing request of type ListToolsRequest
Processing request of type ListPromptsRequest
Processing request of type ListResourcesRequest
Processing request of type PingRequest
Processing request of type ListToolsRequest
Processing request of type ListPromptsRequest
Processing request of type ListResourcesRequest
Processing request of type ListToolsRequest
Processing request of type ListPromptsRequest
Processing request of type ListResourcesRequest
Processing request of type PingRequest
Processing request of type ListToolsRequest
Processing request of type ListPromptsRequest
Processing request of type ListResourcesRequest
Processing request of type ListToolsRequest
Processing request of type ListPromptsRequest
Processing request of type ListResourcesRequest
Processing request of type PingRequest
Processing request of type ListToolsRequest
Processing request of type ListPromptsRequest
Processing request of type ListResourcesRequest
Processing request of type ListToolsRequest
Processing request of type ListPromptsRequest
Processing request of type ListResourcesRequest
Processing request of type PingRequest
{"transport": "stdio", "toolsets": ["read", "realtime"], "tools_enabled": 48, "tools_hidden": 54, "event": "wxcc_mcp_server_starting", "level": "info", "timestamp": "2026-07-15T12:58:55.830120Z"}
Processing request of type ListToolsRequest
Processing request of type ListPromptsRequest
Processing request of type ListResourcesRequest
Processing request of type ListToolsRequest
Processing request of type ListPromptsRequest
Processing request of type ListResourcesRequest
Processing request of type ListToolsRequest
Processing request of type ListPromptsRequest
Processing request of type ListResourcesRequest
Processing request of type PingRequest
Processing request of type ListToolsRequest
Processing request of type ListPromptsRequest
Processing request of type ListResourcesRequest
Processing request of type ListToolsRequest
Processing request of type ListPromptsRequest
Processing request of type ListResourcesRequest
Processing request of type PingRequest
Processing request of type ListToolsRequest
Processing request of type ListPromptsRequest
Processing request of type ListResourcesRequest
Processing request of type ListToolsRequest
Processing request of type ListPromptsRequest
Processing request of type ListResourcesRequest
Processing request of type PingRequest
{"transport": "stdio", "toolsets": ["read", "realtime"], "tools_enabled": 48, "tools_hidden": 54, "event": "wxcc_mcp_server_starting", "level": "info", "timestamp": "2026-07-15T13:14:16.086910Z"}
Processing request of type ListToolsRequest
Processing request of type ListPromptsRequest
Processing request of type ListResourcesRequest
Processing request of type ListToolsRequest
Processing request of type ListPromptsRequest
Processing request of type ListResourcesRequest
Processing request of type ListToolsRequest
Processing request of type ListPromptsRequest
Processing request of type ListResourcesRequest
Processing request of type PingRequest
Processing request of type ListToolsRequest
Processing request of type ListPromptsRequest
Processing request of type ListResourcesRequest
Processing request of type ListToolsRequest
Processing request of type ListPromptsRequest
Processing request of type ListResourcesRequest
Processing request of type PingRequest
Processing request of type ListToolsRequest
Processing request of type ListPromptsRequest
Processing request of type ListResourcesRequest
Processing request of type ListToolsRequest
Processing request of type ListPromptsRequest
Processing request of type ListResourcesRequest
Processing request of type PingRequest
Processing request of type ListToolsRequest
Processing request of type ListPromptsRequest
Processing request of type ListResourcesRequest
Processing request of type ListToolsRequest
Processing request of type ListPromptsRequest
Processing request of type ListResourcesRequest
Processing request of type PingRequest
Processing request of type ListToolsRequest
Processing request of type ListPromptsRequest
Processing request of type ListResourcesRequest
Processing request of type ListToolsRequest
Processing request of type ListPromptsRequest
Processing request of type ListResourcesRequest
Processing request of type PingRequest
Processing request of type ListToolsRequest
Processing request of type ListPromptsRequest
Processing request of type ListResourcesRequest
Processing request of type ListToolsRequest
Processing request of type ListPromptsRequest
Processing request of type ListResourcesRequest
Processing request of type PingRequest
Processing request of type ListToolsRequest
Processing request of type ListPromptsRequest
Processing request of type ListResourcesRequest
Processing request of type ListToolsRequest
Processing request of type ListPromptsRequest
Processing request of type ListResourcesRequest
Processing request of type ListToolsRequest
Processing request of type ListPromptsRequest
Processing request of type ListResourcesRequest
Processing request of type ListToolsRequest
Processing request of type ListPromptsRequest
Processing request of type ListResourcesRequest
Processing request of type PingRequest
Processing request of type ListToolsRequest
Processing request of type ListPromptsRequest
Processing request of type ListResourcesRequest
Processing request of type ListToolsRequest
Processing request of type ListPromptsRequest
Processing request of type ListResourcesRequest
Processing request of type PingRequest
Processing request of type PingRequest
{"transport": "stdio", "toolsets": ["read", "realtime"], "tools_enabled": 48, "tools_hidden": 54, "event": "wxcc_mcp_server_starting", "level": "info", "timestamp": "2026-07-15T14:01:37.855561Z"}
Processing request of type ListPromptsRequest
Processing request of type ListToolsRequest
Processing request of type CallToolRequest
{"tool": "list_agents", "org_id": "a1934c08-18c6-4e96-9862-831fe8994392", "event": "tool_invoked", "level": "info", "timestamp": "2026-07-15T14:03:56.059094Z"}
{"session_id": "local-stdio-session", "event": "using_static_access_token", "level": "info", "timestamp": "2026-07-15T14:03:56.562847Z"}
{"method": "GET", "family": "config", "path": "/organization/a1934c08-18c6-4e96-9862-831fe8994392/user", "attempt": 1, "event": "wxcc_api_call", "level": "info", "timestamp": "2026-07-15T14:03:56.562985Z"}
HTTP Request: GET https://api.wxcc-us1.cisco.com/organization/a1934c08-18c6-4e96-9862-831fe8994392/user?max=100 "HTTP/1.1 200 OK"
Processing request of type CallToolRequest
{"tool": "list_active_agents", "org_id": "a1934c08-18c6-4e96-9862-831fe8994392", "event": "tool_invoked", "level": "info", "timestamp": "2026-07-15T14:05:17.541674Z"}
{"session_id": "local-stdio-session", "event": "using_static_access_token", "level": "info", "timestamp": "2026-07-15T14:05:17.541815Z"}
{"method": "POST", "family": "reporting", "path": "/search", "attempt": 1, "event": "wxcc_api_call", "level": "info", "timestamp": "2026-07-15T14:05:17.541867Z"}
HTTP Request: POST https://api.wxcc-us1.cisco.com/search?orgId=a1934c08-18c6-4e96-9862-831fe8994392 "HTTP/1.1 400 Bad Request"
Processing request of type CallToolRequest
{"tool": "list_active_agents", "org_id": "a1934c08-18c6-4e96-9862-831fe8994392", "event": "tool_invoked", "level": "info", "timestamp": "2026-07-15T14:05:22.424088Z"}
{"session_id": "local-stdio-session", "event": "using_static_access_token", "level": "info", "timestamp": "2026-07-15T14:05:22.424307Z"}
{"method": "POST", "family": "reporting", "path": "/search", "attempt": 1, "event": "wxcc_api_call", "level": "info", "timestamp": "2026-07-15T14:05:22.424356Z"}
HTTP Request: POST https://api.wxcc-us1.cisco.com/search?orgId=a1934c08-18c6-4e96-9862-831fe8994392 "HTTP/1.1 400 Bad Request"
Processing request of type PingRequest
Processing request of type PingRequest
{"transport": "stdio", "toolsets": ["read", "realtime"], "tools_enabled": 48, "tools_hidden": 54, "event": "wxcc_mcp_server_starting", "level": "info", "timestamp": "2026-07-15T14:12:48.284856Z"}
Processing request of type ListPromptsRequest
Processing request of type ListToolsRequest
Processing request of type PingRequest
Processing request of type PingRequest
Processing request of type PingRequest
Processing request of type PingRequest
Processing request of type PingRequest
Processing request of type PingRequest
Processing request of type CallToolRequest
{"tool": "list_active_agents", "org_id": "a1934c08-18c6-4e96-9862-831fe8994392", "event": "tool_invoked", "level": "info", "timestamp": "2026-07-15T14:48:08.774618Z"}
{"session_id": "local-stdio-session", "event": "using_static_access_token", "level": "info", "timestamp": "2026-07-15T14:48:09.168456Z"}
{"method": "POST", "family": "reporting", "path": "/search", "attempt": 1, "event": "wxcc_api_call", "level": "info", "timestamp": "2026-07-15T14:48:09.168598Z"}
HTTP Request: POST https://api.wxcc-us1.cisco.com/search?orgId=a1934c08-18c6-4e96-9862-831fe8994392 "HTTP/1.1 400 Bad Request"
Processing request of type CallToolRequest
{"tool": "list_active_agents", "org_id": "a1934c08-18c6-4e96-9862-831fe8994392", "event": "tool_invoked", "level": "info", "timestamp": "2026-07-15T14:48:12.734248Z"}
{"session_id": "local-stdio-session", "event": "using_static_access_token", "level": "info", "timestamp": "2026-07-15T14:48:12.734341Z"}
{"method": "POST", "family": "reporting", "path": "/search", "attempt": 1, "event": "wxcc_api_call", "level": "info", "timestamp": "2026-07-15T14:48:12.734379Z"}
HTTP Request: POST https://api.wxcc-us1.cisco.com/search?orgId=a1934c08-18c6-4e96-9862-831fe8994392 "HTTP/1.1 400 Bad Request"
Processing request of type CallToolRequest
{"tool": "list_agents", "org_id": "a1934c08-18c6-4e96-9862-831fe8994392", "event": "tool_invoked", "level": "info", "timestamp": "2026-07-15T14:48:16.771292Z"}
{"session_id": "local-stdio-session", "event": "using_static_access_token", "level": "info", "timestamp": "2026-07-15T14:48:16.771403Z"}
{"method": "GET", "family": "config", "path": "/organization/a1934c08-18c6-4e96-9862-831fe8994392/user", "attempt": 1, "event": "wxcc_api_call", "level": "info", "timestamp": "2026-07-15T14:48:16.771439Z"}
HTTP Request: GET https://api.wxcc-us1.cisco.com/organization/a1934c08-18c6-4e96-9862-831fe8994392/user?max=50 "HTTP/1.1 200 OK"
Processing request of type PingRequest
Processing request of type CallToolRequest
{"tool": "get_agent_login_session", "org_id": "a1934c08-18c6-4e96-9862-831fe8994392", "event": "tool_invoked", "level": "info", "timestamp": "2026-07-15T14:48:51.503823Z"}
{"session_id": "local-stdio-session", "event": "using_static_access_token", "level": "info", "timestamp": "2026-07-15T14:48:51.503930Z"}
{"method": "POST", "family": "config", "path": "/search", "attempt": 1, "event": "wxcc_api_call", "level": "info", "timestamp": "2026-07-15T14:48:51.503968Z"}
HTTP Request: POST https://api.wxcc-us1.cisco.com/search?orgId=a1934c08-18c6-4e96-9862-831fe8994392 "HTTP/1.1 200 OK"
Processing request of type CallToolRequest
{"tool": "get_agent_state_history", "org_id": "a1934c08-18c6-4e96-9862-831fe8994392", "lookback_minutes": 120, "event": "tool_invoked", "level": "info", "timestamp": "2026-07-15T14:48:59.276381Z"}
{"session_id": "local-stdio-session", "event": "using_static_access_token", "level": "info", "timestamp": "2026-07-15T14:48:59.276485Z"}
{"method": "GET", "family": "reporting", "path": "/organization/a1934c08-18c6-4e96-9862-831fe8994392/agent-state/search", "attempt": 1, "event": "wxcc_api_call", "level": "info", "timestamp": "2026-07-15T14:48:59.276524Z"}
HTTP Request: GET https://api.wxcc-us1.cisco.com/organization/a1934c08-18c6-4e96-9862-831fe8994392/agent-state/search?agentId=464ccff0-9c67-4f69-9a97-e85eb8190cb5&lookbackMinutes=120 "HTTP/1.1 404 Not Found"
Processing request of type CallToolRequest
{"tool": "get_agent_login_session", "org_id": "a1934c08-18c6-4e96-9862-831fe8994392", "event": "tool_invoked", "level": "info", "timestamp": "2026-07-15T14:49:19.381549Z"}
{"session_id": "local-stdio-session", "event": "using_static_access_token", "level": "info", "timestamp": "2026-07-15T14:49:19.381640Z"}
{"method": "POST", "family": "config", "path": "/search", "attempt": 1, "event": "wxcc_api_call", "level": "info", "timestamp": "2026-07-15T14:49:19.381673Z"}
HTTP Request: POST https://api.wxcc-us1.cisco.com/search?orgId=a1934c08-18c6-4e96-9862-831fe8994392 "HTTP/1.1 200 OK"
Processing request of type CallToolRequest
{"tool": "get_agent_summary_stats", "user_id": "464ccff0-9c67-4f69-9a97-e85eb8190cb5", "event": "tool_invoked", "level": "info", "timestamp": "2026-07-15T14:53:26.275521Z"}
{"session_id": "local-stdio-session", "event": "using_static_access_token", "level": "info", "timestamp": "2026-07-15T14:53:26.275718Z"}
{"method": "POST", "family": "reporting", "path": "/search", "attempt": 1, "event": "wxcc_api_call", "level": "info", "timestamp": "2026-07-15T14:53:26.275780Z"}
HTTP Request: POST https://api.wxcc-us1.cisco.com/search?orgId=a1934c08-18c6-4e96-9862-831fe8994392 "HTTP/1.1 400 Bad Request"
Processing request of type CallToolRequest
{"tool": "get_agent_call_history", "org_id": "a1934c08-18c6-4e96-9862-831fe8994392", "lookback_hours": 168, "event": "tool_invoked", "level": "info", "timestamp": "2026-07-15T14:53:41.067446Z"}
{"session_id": "local-stdio-session", "event": "using_static_access_token", "level": "info", "timestamp": "2026-07-15T14:53:41.067607Z"}
{"method": "POST", "family": "config", "path": "/search", "attempt": 1, "event": "wxcc_api_call", "level": "info", "timestamp": "2026-07-15T14:53:41.067658Z"}
HTTP Request: POST https://api.wxcc-us1.cisco.com/search?orgId=a1934c08-18c6-4e96-9862-831fe8994392 "HTTP/1.1 200 OK"
Processing request of type PingRequest
Processing request of type PingRequest
Processing request of type PingRequest
Processing request of type PingRequest
Processing request of type PingRequest
Processing request of type PingRequest
Processing request of type PingRequest
Processing request of type PingRequest
Processing request of type PingRequest
Processing request of type PingRequest
Processing request of type PingRequest
Processing request of type PingRequest
Processing request of type PingRequest
Processing request of type PingRequest
Processing request of type PingRequest
Processing request of type PingRequest
Processing request of type PingRequest
Processing request of type PingRequest
Processing request of type PingRequest
Processing request of type PingRequest
Processing request of type PingRequest
Processing request of type PingRequest
Processing request of type PingRequest
Processing request of type PingRequest
Processing request of type PingRequest
Processing request of type PingRequest
Processing request of type PingRequest
Processing request of type PingRequest
Processing request of type PingRequest
Processing request of type PingRequest
Processing request of type PingRequest
Processing request of type PingRequest
Processing request of type PingRequest
{"transport": "stdio", "toolsets": ["read", "realtime"], "tools_enabled": 48, "tools_hidden": 54, "event": "wxcc_mcp_server_starting", "level": "info", "timestamp": "2026-07-16T05:51:04.089753Z"}
Processing request of type ListResourcesRequest
Processing request of type ListToolsRequest
Processing request of type ListResourcesRequest
Processing request of type ListPromptsRequest
Processing request of type SubscribeRequest
Processing request of type SubscribeRequest
Processing request of type SubscribeRequest
Processing request of type SubscribeRequest
Processing request of type SubscribeRequest
Processing request of type SubscribeRequest
Processing request of type SubscribeRequest
Processing request of type SubscribeRequest
Processing request of type SubscribeRequest
Processing request of type SubscribeRequest
Processing request of type SubscribeRequest
Processing request of type SubscribeRequest
Processing request of type SubscribeRequest
{"transport": "stdio", "toolsets": ["read", "realtime"], "tools_enabled": 48, "tools_hidden": 54, "event": "wxcc_mcp_server_starting", "level": "info", "timestamp": "2026-07-16T05:53:18.929701Z"}
Processing request of type ListResourcesRequest
Processing request of type ListToolsRequest
Processing request of type ListResourcesRequest
Processing request of type ListPromptsRequest
Processing request of type SubscribeRequest
Processing request of type SubscribeRequest
Processing request of type SubscribeRequest
Processing request of type SubscribeRequest
Processing request of type SubscribeRequest
Processing request of type SubscribeRequest
Processing request of type SubscribeRequest
Processing request of type SubscribeRequest
Processing request of type SubscribeRequest
Processing request of type SubscribeRequest
Processing request of type SubscribeRequest
Processing request of type SubscribeRequest
Processing request of type SubscribeRequest
Processing request of type PingRequest
Processing request of type PingRequest
Processing request of type PingRequest
Processing request of type PingRequest
Processing request of type PingRequest
Processing request of type PingRequest
Processing request of type PingRequest
Processing request of type PingRequest
Processing request of type PingRequest
Processing request of type PingRequest
Processing request of type PingRequest
Processing request of type PingRequest
Processing request of type PingRequest
Processing request of type PingRequest
Processing request of type PingRequest
Processing request of type PingRequest
Processing request of type PingRequest
Processing request of type PingRequest
Processing request of type PingRequest
Processing request of type PingRequest
Processing request of type PingRequest
Processing request of type PingRequest
{"transport": "stdio", "toolsets": ["read", "realtime"], "tools_enabled": 48, "tools_hidden": 54, "event": "wxcc_mcp_server_starting", "level": "info", "timestamp": "2026-07-16T08:34:51.668715Z"}
Processing request of type ListResourcesRequest
Processing request of type ListToolsRequest
Processing request of type ListResourcesRequest
Processing request of type ListPromptsRequest
Processing request of type SubscribeRequest
Processing request of type SubscribeRequest
Processing request of type SubscribeRequest
Processing request of type SubscribeRequest
Processing request of type SubscribeRequest
Processing request of type SubscribeRequest
Processing request of type SubscribeRequest
Processing request of type SubscribeRequest
Processing request of type SubscribeRequest
Processing request of type SubscribeRequest
Processing request of type SubscribeRequest
Processing request of type SubscribeRequest
Processing request of type SubscribeRequest
{"transport": "stdio", "toolsets": ["read", "realtime"], "tools_enabled": 48, "tools_hidden": 54, "event": "wxcc_mcp_server_starting", "level": "info", "timestamp": "2026-07-16T08:36:27.917923Z"}
Processing request of type ListResourcesRequest
Processing request of type ListToolsRequest
Processing request of type ListResourcesRequest
Processing request of type ListPromptsRequest
Processing request of type SubscribeRequest
Processing request of type SubscribeRequest
Processing request of type SubscribeRequest
Processing request of type SubscribeRequest
Processing request of type SubscribeRequest
Processing request of type SubscribeRequest
Processing request of type SubscribeRequest
Processing request of type SubscribeRequest
Processing request of type SubscribeRequest
Processing request of type SubscribeRequest
Processing request of type SubscribeRequest
Processing request of type SubscribeRequest
Processing request of type SubscribeRequest
Processing request of type PingRequest
Processing request of type PingRequest
Processing request of type PingRequest
Processing request of type PingRequest
Processing request of type PingRequest
Processing request of type PingRequest
{"transport": "stdio", "toolsets": ["read", "realtime"], "tools_enabled": 48, "tools_hidden": 54, "event": "wxcc_mcp_server_starting", "level": "info", "timestamp": "2026-07-16T09:12:27.778288Z"}
Processing request of type ListPromptsRequest
Processing request of type ListToolsRequest
Processing request of type CallToolRequest
{"tool": "get_agent_login_session", "org_id": "a1934c08-18c6-4e96-9862-831fe8994392", "event": "tool_invoked", "level": "info", "timestamp": "2026-07-16T09:12:30.304015Z"}
{"session_id": "local-stdio-session", "event": "using_static_access_token", "level": "info", "timestamp": "2026-07-16T09:12:30.670738Z"}
{"method": "POST", "family": "config", "path": "/search", "attempt": 1, "event": "wxcc_api_call", "level": "info", "timestamp": "2026-07-16T09:12:30.670885Z"}
HTTP Request: POST https://api.wxcc-us1.cisco.com/search?orgId=a1934c08-18c6-4e96-9862-831fe8994392 "HTTP/1.1 401 Unauthorized"
Processing request of type CallToolRequest
{"tool": "list_agents", "org_id": "a1934c08-18c6-4e96-9862-831fe8994392", "event": "tool_invoked", "level": "info", "timestamp": "2026-07-16T09:12:39.486020Z"}
{"session_id": "local-stdio-session", "event": "using_static_access_token", "level": "info", "timestamp": "2026-07-16T09:12:39.486208Z"}
{"method": "GET", "family": "config", "path": "/organization/a1934c08-18c6-4e96-9862-831fe8994392/user", "attempt": 1, "event": "wxcc_api_call", "level": "info", "timestamp": "2026-07-16T09:12:39.486298Z"}
HTTP Request: GET https://api.wxcc-us1.cisco.com/organization/a1934c08-18c6-4e96-9862-831fe8994392/user?max=5 "HTTP/1.1 401 Unauthorized"
Processing request of type PingRequest
Processing request of type CallToolRequest
{"tool": "get_agent_login_session", "org_id": "a1934c08-18c6-4e96-9862-831fe8994392", "event": "tool_invoked", "level": "info", "timestamp": "2026-07-16T09:16:21.670432Z"}
{"session_id": "local-stdio-session", "event": "using_static_access_token", "level": "info", "timestamp": "2026-07-16T09:16:21.670593Z"}
{"method": "POST", "family": "config", "path": "/search", "attempt": 1, "event": "wxcc_api_call", "level": "info", "timestamp": "2026-07-16T09:16:21.670672Z"}
HTTP Request: POST https://api.wxcc-us1.cisco.com/search?orgId=a1934c08-18c6-4e96-9862-831fe8994392 "HTTP/1.1 401 Unauthorized"
Processing request of type PingRequest
Processing request of type CallToolRequest
{"tool": "get_user", "org_id": "a1934c08-18c6-4e96-9862-831fe8994392", "event": "tool_invoked", "level": "info", "timestamp": "2026-07-16T09:20:40.156049Z"}
{"session_id": "local-stdio-session", "event": "using_static_access_token", "level": "info", "timestamp": "2026-07-16T09:20:40.156158Z"}
{"method": "GET", "family": "config", "path": "/organization/a1934c08-18c6-4e96-9862-831fe8994392/user/user1", "attempt": 1, "event": "wxcc_api_call", "level": "info", "timestamp": "2026-07-16T09:20:40.156193Z"}
HTTP Request: GET https://api.wxcc-us1.cisco.com/organization/a1934c08-18c6-4e96-9862-831fe8994392/user/user1 "HTTP/1.1 401 Unauthorized"
Processing request of type PingRequest
Processing request of type CallToolRequest
{"tool": "get_user", "org_id": "a1934c08-18c6-4e96-9862-831fe8994392", "event": "tool_invoked", "level": "info", "timestamp": "2026-07-16T09:26:18.205038Z"}
{"session_id": "local-stdio-session", "event": "using_static_access_token", "level": "info", "timestamp": "2026-07-16T09:26:18.205241Z"}
{"method": "GET", "family": "config", "path": "/organization/a1934c08-18c6-4e96-9862-831fe8994392/user/user1", "attempt": 1, "event": "wxcc_api_call", "level": "info", "timestamp": "2026-07-16T09:26:18.205290Z"}
HTTP Request: GET https://api.wxcc-us1.cisco.com/organization/a1934c08-18c6-4e96-9862-831fe8994392/user/user1 "HTTP/1.1 401 Unauthorized"
{"transport": "stdio", "toolsets": ["read", "realtime"], "tools_enabled": 48, "tools_hidden": 54, "event": "wxcc_mcp_server_starting", "level": "info", "timestamp": "2026-07-16T09:28:08.683107Z"}
Processing request of type CallToolRequest
{"tool": "get_user", "org_id": "a1934c08-18c6-4e96-9862-831fe8994392", "event": "tool_invoked", "level": "info", "timestamp": "2026-07-16T09:28:44.315069Z"}
{"session_id": "local-stdio-session", "event": "using_static_access_token", "level": "info", "timestamp": "2026-07-16T09:28:44.315188Z"}
{"method": "GET", "family": "config", "path": "/organization/a1934c08-18c6-4e96-9862-831fe8994392/user/user1", "attempt": 1, "event": "wxcc_api_call", "level": "info", "timestamp": "2026-07-16T09:28:44.315231Z"}
HTTP Request: GET https://api.wxcc-us1.cisco.com/organization/a1934c08-18c6-4e96-9862-831fe8994392/user/user1 "HTTP/1.1 401 Unauthorized"
Processing request of type CallToolRequest
{"tool": "get_user", "org_id": "a1934c08-18c6-4e96-9862-831fe8994392", "event": "tool_invoked", "level": "info", "timestamp": "2026-07-16T09:29:50.757692Z"}
{"session_id": "local-stdio-session", "event": "using_static_access_token", "level": "info", "timestamp": "2026-07-16T09:29:51.108839Z"}
{"method": "GET", "family": "config", "path": "/organization/a1934c08-18c6-4e96-9862-831fe8994392/user/user1", "attempt": 1, "event": "wxcc_api_call", "level": "info", "timestamp": "2026-07-16T09:29:51.109027Z"}
Processing request of type CallToolRequest
{"tool": "list_active_agents", "org_id": "a1934c08-18c6-4e96-9862-831fe8994392", "event": "tool_invoked", "level": "info", "timestamp": "2026-07-16T09:29:51.290489Z"}
{"session_id": "local-stdio-session", "event": "using_static_access_token", "level": "info", "timestamp": "2026-07-16T09:29:51.290640Z"}
{"method": "POST", "family": "reporting", "path": "/search", "attempt": 1, "event": "wxcc_api_call", "level": "info", "timestamp": "2026-07-16T09:29:51.290699Z"}
HTTP Request: GET https://api.wxcc-us1.cisco.com/organization/a1934c08-18c6-4e96-9862-831fe8994392/user/user1 "HTTP/1.1 401 Unauthorized"
HTTP Request: POST https://api.wxcc-us1.cisco.com/search?orgId=a1934c08-18c6-4e96-9862-831fe8994392 "HTTP/1.1 401 Unauthorized"
Processing request of type PingRequest
Processing request of type PingRequest
{"transport": "stdio", "toolsets": ["read", "realtime"], "tools_enabled": 48, "tools_hidden": 54, "event": "wxcc_mcp_server_starting", "level": "info", "timestamp": "2026-07-16T09:36:52.367645Z"}
Processing request of type CallToolRequest
{"tool": "list_agents", "org_id": "a1934c08-18c6-4e96-9862-831fe8994392", "event": "tool_invoked", "level": "info", "timestamp": "2026-07-16T09:37:29.887232Z"}
{"session_id": "local-stdio-session", "event": "using_static_access_token", "level": "info", "timestamp": "2026-07-16T09:37:29.887368Z"}
{"method": "GET", "family": "config", "path": "/organization/a1934c08-18c6-4e96-9862-831fe8994392/user", "attempt": 1, "event": "wxcc_api_call", "level": "info", "timestamp": "2026-07-16T09:37:29.887623Z"}
HTTP Request: GET https://api.wxcc-us1.cisco.com/organization/a1934c08-18c6-4e96-9862-831fe8994392/user?max=100 "HTTP/1.1 401 Unauthorized"
Processing request of type PingRequest
Processing request of type CallToolRequest
{"tool": "list_agents", "org_id": "a1934c08-18c6-4e96-9862-831fe8994392", "event": "tool_invoked", "level": "info", "timestamp": "2026-07-16T09:41:51.135527Z"}
{"session_id": "local-stdio-session", "event": "using_static_access_token", "level": "info", "timestamp": "2026-07-16T09:41:51.135718Z"}
{"method": "GET", "family": "config", "path": "/organization/a1934c08-18c6-4e96-9862-831fe8994392/user", "attempt": 1, "event": "wxcc_api_call", "level": "info", "timestamp": "2026-07-16T09:41:51.135768Z"}
HTTP Request: GET https://api.wxcc-us1.cisco.com/organization/a1934c08-18c6-4e96-9862-831fe8994392/user?max=100 "HTTP/1.1 401 Unauthorized"
Received exception from stream: 1 validation error for JSONRPCMessage
  Invalid JSON: EOF while parsing a value at line 2 column 0 [type=json_invalid, input_value='\n', input_type=str]
    For further information visit https://errors.pydantic.dev/2.13/v/json_invalid
Received exception from stream: 1 validation error for JSONRPCMessage
  Invalid JSON: EOF while parsing a value at line 2 column 0 [type=json_invalid, input_value='\n', input_type=str]
    For further information visit https://errors.pydantic.dev/2.13/v/json_invalid
Received exception from stream: 1 validation error for JSONRPCMessage
  Invalid JSON: EOF while parsing a value at line 2 column 0 [type=json_invalid, input_value='\n', input_type=str]
    For further information visit https://errors.pydantic.dev/2.13/v/json_invalid
{"transport": "stdio", "toolsets": ["read", "realtime"], "tools_enabled": 48, "tools_hidden": 54, "event": "wxcc_mcp_server_starting", "level": "info", "timestamp": "2026-07-16T09:42:21.484072Z"}
Processing request of type CallToolRequest
{"tool": "list_agents", "org_id": "a1934c08-18c6-4e96-9862-831fe8994392", "event": "tool_invoked", "level": "info", "timestamp": "2026-07-16T09:42:49.549002Z"}
{"session_id": "local-stdio-session", "event": "using_static_access_token", "level": "info", "timestamp": "2026-07-16T09:42:49.549255Z"}
{"method": "GET", "family": "config", "path": "/organization/a1934c08-18c6-4e96-9862-831fe8994392/user", "attempt": 1, "event": "wxcc_api_call", "level": "info", "timestamp": "2026-07-16T09:42:49.549400Z"}
HTTP Request: GET https://api.wxcc-us1.cisco.com/organization/a1934c08-18c6-4e96-9862-831fe8994392/user?max=100 "HTTP/1.1 401 Unauthorized"
Processing request of type ListToolsRequest
Processing request of type ListPromptsRequest
Processing request of type ListResourcesRequest
Processing request of type ListToolsRequest
Processing request of type ListPromptsRequest
Processing request of type ListResourcesRequest
{"transport": "stdio", "toolsets": ["read", "realtime"], "tools_enabled": 48, "tools_hidden": 54, "event": "wxcc_mcp_server_starting", "level": "info", "timestamp": "2026-07-16T09:43:31.646619Z"}
Processing request of type ListResourcesRequest
Processing request of type ListToolsRequest
Processing request of type ListResourcesRequest
Processing request of type ListPromptsRequest
Processing request of type SubscribeRequest
Processing request of type SubscribeRequest
Processing request of type SubscribeRequest
Processing request of type SubscribeRequest
Processing request of type SubscribeRequest
Processing request of type SubscribeRequest
Processing request of type SubscribeRequest
Processing request of type SubscribeRequest
Processing request of type SubscribeRequest
Processing request of type SubscribeRequest
Processing request of type SubscribeRequest
Processing request of type SubscribeRequest
Processing request of type SubscribeRequest
Processing request of type CallToolRequest
{"tool": "list_agents", "org_id": "a1934c08-18c6-4e96-9862-831fe8994392", "event": "tool_invoked", "level": "info", "timestamp": "2026-07-16T09:43:42.582820Z"}
{"session_id": "local-stdio-session", "event": "using_static_access_token", "level": "info", "timestamp": "2026-07-16T09:43:42.582913Z"}
{"method": "GET", "family": "config", "path": "/organization/a1934c08-18c6-4e96-9862-831fe8994392/user", "attempt": 1, "event": "wxcc_api_call", "level": "info", "timestamp": "2026-07-16T09:43:42.582947Z"}
HTTP Request: GET https://api.wxcc-us1.cisco.com/organization/a1934c08-18c6-4e96-9862-831fe8994392/user?max=100 "HTTP/1.1 401 Unauthorized"
Processing request of type PingRequest
Processing request of type PingRequest
Processing request of type PingRequest
Processing request of type PingRequest
Processing request of type PingRequest
Processing request of type PingRequest
Processing request of type PingRequest
Processing request of type PingRequest
Processing request of type PingRequest
Processing request of type PingRequest
Processing request of type PingRequest
Processing request of type PingRequest
Processing request of type PingRequest
Processing request of type PingRequest
Processing request of type PingRequest
Processing request of type PingRequest
Processing request of type PingRequest
Processing request of type PingRequest
Processing request of type PingRequest
Processing request of type PingRequest
Processing request of type PingRequest
Processing request of type PingRequest
Processing request of type PingRequest
Processing request of type PingRequest
Processing request of type PingRequest
Processing request of type PingRequest
Processing request of type PingRequest
Processing request of type PingRequest
Processing request of type PingRequest
Processing request of type PingRequest
Processing request of type PingRequest
Processing request of type PingRequest
Processing request of type PingRequest
Processing request of type PingRequest
Processing request of type PingRequest
Processing request of type PingRequest
Processing request of type PingRequest
Processing request of type PingRequest
Processing request of type PingRequest
Processing request of type PingRequest
Processing request of type PingRequest
Processing request of type PingRequest
Processing request of type PingRequest
Processing request of type PingRequest
Processing request of type PingRequest
Processing request of type PingRequest
Processing request of type PingRequest
Processing request of type PingRequest
Processing request of type PingRequest
Processing request of type PingRequest
Processing request of type PingRequest
Processing request of type PingRequest
Processing request of type PingRequest
Processing request of type PingRequest
Processing request of type PingRequest
Processing request of type PingRequest
Processing request of type PingRequest
Processing request of type PingRequest
Processing request of type PingRequest
{"transport": "stdio", "toolsets": ["read", "realtime"], "tools_enabled": 48, "tools_hidden": 54, "event": "wxcc_mcp_server_starting", "level": "info", "timestamp": "2026-07-17T07:20:33.839865Z"}
Processing request of type ListResourcesRequest
Processing request of type ListToolsRequest
Processing request of type ListResourcesRequest
Processing request of type ListPromptsRequest
Processing request of type SubscribeRequest
Processing request of type SubscribeRequest
Processing request of type SubscribeRequest
Processing request of type SubscribeRequest
Processing request of type SubscribeRequest
Processing request of type SubscribeRequest
Processing request of type SubscribeRequest
Processing request of type SubscribeRequest
Processing request of type SubscribeRequest
Processing request of type SubscribeRequest
Processing request of type SubscribeRequest
Processing request of type SubscribeRequest
Processing request of type SubscribeRequest
Processing request of type PingRequest
{"transport": "stdio", "toolsets": ["read", "realtime"], "tools_enabled": 48, "tools_hidden": 54, "event": "wxcc_mcp_server_starting", "level": "info", "timestamp": "2026-07-17T07:27:45.085698Z"}
Processing request of type ListResourcesRequest
Processing request of type ListToolsRequest
Processing request of type ListResourcesRequest
Processing request of type ListPromptsRequest
Processing request of type SubscribeRequest
Processing request of type SubscribeRequest
Processing request of type SubscribeRequest
Processing request of type SubscribeRequest
Processing request of type SubscribeRequest
Processing request of type SubscribeRequest
Processing request of type SubscribeRequest
Processing request of type SubscribeRequest
Processing request of type SubscribeRequest
Processing request of type SubscribeRequest
Processing request of type SubscribeRequest
Processing request of type SubscribeRequest
Processing request of type SubscribeRequest
Processing request of type PingRequest
Processing request of type PingRequest
Processing request of type PingRequest
Processing request of type PingRequest
Processing request of type PingRequest
Processing request of type PingRequest
Processing request of type PingRequest
Processing request of type PingRequest
Processing request of type PingRequest
Processing request of type PingRequest
Processing request of type PingRequest
Processing request of type PingRequest
Processing request of type PingRequest
Processing request of type PingRequest
Processing request of type PingRequest
Processing request of type PingRequest
Processing request of type PingRequest
Processing request of type PingRequest
Processing request of type PingRequest
Processing request of type PingRequest
Processing request of type PingRequest
Processing request of type PingRequest
Processing request of type PingRequest
Processing request of type PingRequest
Processing request of type PingRequest
Processing request of type PingRequest
Processing request of type PingRequest
Processing request of type PingRequest
Processing request of type PingRequest
Processing request of type PingRequest
Processing request of type PingRequest
Processing request of type PingRequest
Processing request of type PingRequest
Processing request of type PingRequest
Processing request of type PingRequest
{"transport": "stdio", "toolsets": ["read", "realtime"], "tools_enabled": 48, "tools_hidden": 54, "event": "wxcc_mcp_server_starting", "level": "info", "timestamp": "2026-07-19T12:56:11.189878Z"}
Processing request of type ListResourcesRequest
Processing request of type ListToolsRequest
Processing request of type ListResourcesRequest
Processing request of type ListPromptsRequest
Processing request of type SubscribeRequest
Processing request of type SubscribeRequest
Processing request of type SubscribeRequest
Processing request of type SubscribeRequest
Processing request of type SubscribeRequest
Processing request of type SubscribeRequest
Processing request of type SubscribeRequest
Processing request of type SubscribeRequest
Processing request of type SubscribeRequest
Processing request of type SubscribeRequest
Processing request of type SubscribeRequest
Processing request of type SubscribeRequest
Processing request of type SubscribeRequest
Processing request of type PingRequest
{"transport": "stdio", "toolsets": ["read", "realtime"], "tools_enabled": 48, "tools_hidden": 54, "event": "wxcc_mcp_server_starting", "level": "info", "timestamp": "2026-07-19T13:07:30.732523Z"}
Processing request of type ListResourcesRequest
Processing request of type ListToolsRequest
Processing request of type ListResourcesRequest
Processing request of type ListPromptsRequest
Processing request of type SubscribeRequest
Processing request of type SubscribeRequest
Processing request of type SubscribeRequest
Processing request of type SubscribeRequest
Processing request of type SubscribeRequest
Processing request of type SubscribeRequest
Processing request of type SubscribeRequest
Processing request of type SubscribeRequest
Processing request of type SubscribeRequest
Processing request of type SubscribeRequest
Processing request of type SubscribeRequest
Processing request of type SubscribeRequest
Processing request of type SubscribeRequest
{"transport": "stdio", "toolsets": ["read", "realtime"], "tools_enabled": 48, "tools_hidden": 54, "event": "wxcc_mcp_server_starting", "level": "info", "timestamp": "2026-07-19T15:36:09.413992Z"}
Processing request of type ListResourcesRequest
Processing request of type ListToolsRequest
Processing request of type ListResourcesRequest
Processing request of type ListPromptsRequest
Processing request of type SubscribeRequest
Processing request of type SubscribeRequest
Processing request of type SubscribeRequest
Processing request of type SubscribeRequest
Processing request of type SubscribeRequest
Processing request of type SubscribeRequest
Processing request of type SubscribeRequest
Processing request of type SubscribeRequest
Processing request of type SubscribeRequest
Processing request of type SubscribeRequest
Processing request of type SubscribeRequest
Processing request of type SubscribeRequest
Processing request of type SubscribeRequest
Processing request of type PingRequest
Processing request of type PingRequest
Processing request of type PingRequest
Processing request of type PingRequest
Processing request of type PingRequest
Processing request of type PingRequest
Processing request of type PingRequest
Processing request of type PingRequest
Processing request of type PingRequest
Processing request of type PingRequest
Processing request of type PingRequest
Processing request of type PingRequest
Processing request of type PingRequest
Processing request of type PingRequest
Processing request of type PingRequest
Processing request of type PingRequest
Processing request of type PingRequest
Processing request of type PingRequest
Processing request of type PingRequest
Processing request of type PingRequest
Processing request of type PingRequest
Processing request of type PingRequest
Processing request of type PingRequest
Processing request of type PingRequest
Processing request of type PingRequest
{"transport": "stdio", "toolsets": ["read", "realtime"], "tools_enabled": 48, "tools_hidden": 54, "event": "wxcc_mcp_server_starting", "level": "info", "timestamp": "2026-07-20T12:46:06.305269Z"}
Processing request of type ListResourcesRequest
Processing request of type ListToolsRequest
Processing request of type ListResourcesRequest
Processing request of type ListPromptsRequest
Processing request of type SubscribeRequest
Processing request of type SubscribeRequest
Processing request of type SubscribeRequest
Processing request of type SubscribeRequest
Processing request of type SubscribeRequest
Processing request of type SubscribeRequest
Processing request of type SubscribeRequest
Processing request of type SubscribeRequest
Processing request of type SubscribeRequest
Processing request of type SubscribeRequest
Processing request of type SubscribeRequest
Processing request of type SubscribeRequest
Processing request of type SubscribeRequest
{"transport": "stdio", "toolsets": ["read", "realtime"], "tools_enabled": 48, "tools_hidden": 54, "event": "wxcc_mcp_server_starting", "level": "info", "timestamp": "2026-07-20T12:49:05.150117Z"}
Processing request of type ListResourcesRequest
Processing request of type ListToolsRequest
Processing request of type ListResourcesRequest
Processing request of type ListPromptsRequest
Processing request of type SubscribeRequest
Processing request of type SubscribeRequest
Processing request of type SubscribeRequest
Processing request of type SubscribeRequest
Processing request of type SubscribeRequest
Processing request of type SubscribeRequest
Processing request of type SubscribeRequest
Processing request of type SubscribeRequest
Processing request of type SubscribeRequest
Processing request of type SubscribeRequest
Processing request of type SubscribeRequest
Processing request of type SubscribeRequest
Processing request of type SubscribeRequest
Processing request of type ListPromptsRequest
Processing request of type PingRequest
Processing request of type PingRequest
Processing request of type PingRequest
Processing request of type PingRequest
Processing request of type PingRequest
Processing request of type PingRequest
{"transport": "stdio", "toolsets": ["read", "realtime"], "tools_enabled": 48, "tools_hidden": 54, "event": "wxcc_mcp_server_starting", "level": "info", "timestamp": "2026-07-20T13:25:27.014027Z"}
Processing request of type CallToolRequest
{"tool": "list_agents", "org_id": "a1934c08-18c6-4e96-9862-831fe8994392", "event": "tool_invoked", "level": "info", "timestamp": "2026-07-20T13:26:14.804792Z"}
{"session_id": "local-stdio-session", "event": "using_static_access_token", "level": "info", "timestamp": "2026-07-20T13:26:15.294108Z"}
{"method": "GET", "family": "config", "path": "/organization/a1934c08-18c6-4e96-9862-831fe8994392/user", "attempt": 1, "event": "wxcc_api_call", "level": "info", "timestamp": "2026-07-20T13:26:15.294269Z"}
HTTP Request: GET https://api.wxcc-us1.cisco.com/organization/a1934c08-18c6-4e96-9862-831fe8994392/user?max=100 "HTTP/1.1 401 Unauthorized"
Processing request of type PingRequest
Processing request of type PingRequest
Processing request of type PingRequest
Processing request of type PingRequest
Processing request of type PingRequest
Processing request of type PingRequest
Processing request of type PingRequest
Processing request of type PingRequest
Processing request of type PingRequest
Processing request of type PingRequest
Processing request of type PingRequest
Processing request of type PingRequest
Processing request of type PingRequest
Processing request of type PingRequest
Processing request of type PingRequest
Processing request of type PingRequest
Processing request of type PingRequest
Processing request of type PingRequest
Processing request of type CallToolRequest
{"tool": "list_agents", "org_id": "a1934c08-18c6-4e96-9862-831fe899439", "event": "tool_invoked", "level": "info", "timestamp": "2026-07-20T15:09:53.828853Z"}
{"session_id": "local-stdio-session", "event": "using_static_access_token", "level": "info", "timestamp": "2026-07-20T15:09:53.830673Z"}
{"method": "GET", "family": "config", "path": "/organization/a1934c08-18c6-4e96-9862-831fe899439/user", "attempt": 1, "event": "wxcc_api_call", "level": "info", "timestamp": "2026-07-20T15:09:53.831115Z"}
HTTP Request: GET https://api.wxcc-us1.cisco.com/organization/a1934c08-18c6-4e96-9862-831fe899439/user?max=100 "HTTP/1.1 401 Unauthorized"
Processing request of type CallToolRequest
{"tool": "list_agents", "org_id": "a1934c08-18c6-4e96-9862-831fe8994392", "event": "tool_invoked", "level": "info", "timestamp": "2026-07-20T15:10:08.295490Z"}
{"session_id": "local-stdio-session", "event": "using_static_access_token", "level": "info", "timestamp": "2026-07-20T15:10:08.295643Z"}
{"method": "GET", "family": "config", "path": "/organization/a1934c08-18c6-4e96-9862-831fe8994392/user", "attempt": 1, "event": "wxcc_api_call", "level": "info", "timestamp": "2026-07-20T15:10:08.295733Z"}
HTTP Request: GET https://api.wxcc-us1.cisco.com/organization/a1934c08-18c6-4e96-9862-831fe8994392/user?max=100 "HTTP/1.1 401 Unauthorized"
Processing request of type PingRequest
Processing request of type PingRequest
{"transport": "stdio", "toolsets": ["read", "realtime"], "tools_enabled": 48, "tools_hidden": 54, "event": "wxcc_mcp_server_starting", "level": "info", "timestamp": "2026-07-20T15:24:11.475320Z"}
Processing request of type PingRequest
Processing request of type PingRequest
Processing request of type CallToolRequest
{"tool": "list_agents", "org_id": "a1934c08-18c6-4e96-9862-831fe8994392", "event": "tool_invoked", "level": "info", "timestamp": "2026-07-20T15:31:12.344301Z"}
{"session_id": "local-stdio-session", "event": "using_static_access_token", "level": "info", "timestamp": "2026-07-20T15:31:12.344442Z"}
{"method": "GET", "family": "config", "path": "/organization/a1934c08-18c6-4e96-9862-831fe8994392/user", "attempt": 1, "event": "wxcc_api_call", "level": "info", "timestamp": "2026-07-20T15:31:12.344513Z"}
HTTP Request: GET https://api.wxcc-us1.cisco.com/organization/a1934c08-18c6-4e96-9862-831fe8994392/user?max=100 "HTTP/1.1 401 Unauthorized"
Processing request of type ListToolsRequest
Processing request of type ListPromptsRequest
Processing request of type ListResourcesRequest
Processing request of type ListToolsRequest
Processing request of type ListPromptsRequest
Processing request of type ListResourcesRequest
{"transport": "stdio", "toolsets": ["read", "realtime"], "tools_enabled": 48, "tools_hidden": 54, "event": "wxcc_mcp_server_starting", "level": "info", "timestamp": "2026-07-20T15:32:39.262490Z"}
Processing request of type ListResourcesRequest
Processing request of type ListToolsRequest
Processing request of type ListResourcesRequest
Processing request of type ListPromptsRequest
Processing request of type SubscribeRequest
Processing request of type SubscribeRequest
Processing request of type SubscribeRequest
Processing request of type SubscribeRequest
Processing request of type SubscribeRequest
Processing request of type SubscribeRequest
Processing request of type SubscribeRequest
Processing request of type SubscribeRequest
Processing request of type SubscribeRequest
Processing request of type SubscribeRequest
Processing request of type SubscribeRequest
Processing request of type SubscribeRequest
Processing request of type SubscribeRequest
Processing request of type CallToolRequest
{"tool": "list_agents", "org_id": "a1934c08-18c6-4e96-9862-831fe8994392", "event": "tool_invoked", "level": "info", "timestamp": "2026-07-20T15:32:52.311864Z"}
{"session_id": "local-stdio-session", "event": "using_static_access_token", "level": "info", "timestamp": "2026-07-20T15:32:52.659276Z"}
{"method": "GET", "family": "config", "path": "/organization/a1934c08-18c6-4e96-9862-831fe8994392/user", "attempt": 1, "event": "wxcc_api_call", "level": "info", "timestamp": "2026-07-20T15:32:52.659399Z"}
HTTP Request: GET https://api.wxcc-us1.cisco.com/organization/a1934c08-18c6-4e96-9862-831fe8994392/user?max=100 "HTTP/1.1 200 OK"
Processing request of type ListToolsRequest
Processing request of type ListPromptsRequest
Processing request of type ListResourcesRequest
Processing request of type ListToolsRequest
Processing request of type ListPromptsRequest
Processing request of type ListResourcesRequest
Processing request of type CallToolRequest
{"tool": "list_agents", "org_id": "a1934c08-18c6-4e96-9862-831fe8994392", "event": "tool_invoked", "level": "info", "timestamp": "2026-07-20T15:34:19.860538Z"}
{"session_id": "local-stdio-session", "event": "using_static_access_token", "level": "info", "timestamp": "2026-07-20T15:34:19.860794Z"}
{"method": "GET", "family": "config", "path": "/organization/a1934c08-18c6-4e96-9862-831fe8994392/user", "attempt": 1, "event": "wxcc_api_call", "level": "info", "timestamp": "2026-07-20T15:34:19.860924Z"}
HTTP Request: GET https://api.wxcc-us1.cisco.com/organization/a1934c08-18c6-4e96-9862-831fe8994392/user?max=100 "HTTP/1.1 200 OK"
{"transport": "stdio", "toolsets": ["read", "realtime"], "tools_enabled": 48, "tools_hidden": 54, "event": "wxcc_mcp_server_starting", "level": "info", "timestamp": "2026-07-20T15:35:28.304001Z"}
Processing request of type ListPromptsRequest
Processing request of type ListToolsRequest
Processing request of type CallToolRequest
{"tool": "list_active_agents", "org_id": "a1934c08-18c6-4e96-9862-831fe8994392", "event": "tool_invoked", "level": "info", "timestamp": "2026-07-20T15:35:29.739905Z"}
{"session_id": "local-stdio-session", "event": "using_static_access_token", "level": "info", "timestamp": "2026-07-20T15:35:30.081821Z"}
{"method": "POST", "family": "reporting", "path": "/search", "attempt": 1, "event": "wxcc_api_call", "level": "info", "timestamp": "2026-07-20T15:35:30.082012Z"}
HTTP Request: POST https://api.wxcc-us1.cisco.com/search?orgId=a1934c08-18c6-4e96-9862-831fe8994392 "HTTP/1.1 400 Bad Request"
Processing request of type CallToolRequest
{"tool": "list_agents", "org_id": "a1934c08-18c6-4e96-9862-831fe8994392", "event": "tool_invoked", "level": "info", "timestamp": "2026-07-20T15:36:00.975223Z"}
{"session_id": "local-stdio-session", "event": "using_static_access_token", "level": "info", "timestamp": "2026-07-20T15:36:00.975451Z"}
{"method": "GET", "family": "config", "path": "/organization/a1934c08-18c6-4e96-9862-831fe8994392/user", "attempt": 1, "event": "wxcc_api_call", "level": "info", "timestamp": "2026-07-20T15:36:00.975569Z"}
HTTP Request: GET https://api.wxcc-us1.cisco.com/organization/a1934c08-18c6-4e96-9862-831fe8994392/user?max=100 "HTTP/1.1 200 OK"
Processing request of type CallToolRequest
{"tool": "get_agent_login_session", "org_id": "a1934c08-18c6-4e96-9862-831fe8994392", "event": "tool_invoked", "level": "info", "timestamp": "2026-07-20T15:36:09.318772Z"}
{"session_id": "local-stdio-session", "event": "using_static_access_token", "level": "info", "timestamp": "2026-07-20T15:36:09.318911Z"}
{"method": "POST", "family": "config", "path": "/search", "attempt": 1, "event": "wxcc_api_call", "level": "info", "timestamp": "2026-07-20T15:36:09.318979Z"}
HTTP Request: POST https://api.wxcc-us1.cisco.com/search?orgId=a1934c08-18c6-4e96-9862-831fe8994392 "HTTP/1.1 200 OK"
Processing request of type PingRequest
Processing request of type PingRequest
Processing request of type PingRequest
Processing request of type PingRequest
Processing request of type PingRequest
Processing request of type PingRequest
Processing request of type ListToolsRequest
Processing request of type ListPromptsRequest
Processing request of type ListResourcesRequest
Processing request of type ListToolsRequest
Processing request of type ListPromptsRequest
Processing request of type ListResourcesRequest
{"transport": "stdio", "toolsets": ["read", "realtime", "write"], "tools_enabled": 102, "tools_hidden": 0, "event": "wxcc_mcp_server_starting", "level": "info", "timestamp": "2026-07-20T16:09:16.032692Z"}
Processing request of type ListResourcesRequest
Processing request of type ListToolsRequest
Processing request of type ListResourcesRequest
Processing request of type ListPromptsRequest
Processing request of type SubscribeRequest
Processing request of type SubscribeRequest
Processing request of type SubscribeRequest
Processing request of type SubscribeRequest
Processing request of type SubscribeRequest
Processing request of type SubscribeRequest
Processing request of type SubscribeRequest
Processing request of type SubscribeRequest
Processing request of type SubscribeRequest
Processing request of type SubscribeRequest
Processing request of type SubscribeRequest
Processing request of type SubscribeRequest
Processing request of type SubscribeRequest
Processing request of type CallToolRequest
{"tool": "create_user", "email": "mohammusal@cisco.com", "dry_run": true, "event": "tool_invoked", "level": "info", "timestamp": "2026-07-20T16:10:13.800722Z"}
Processing request of type CallToolRequest
{"tool": "create_user", "email": "mohammusal@cisco.com", "dry_run": false, "event": "tool_invoked", "level": "info", "timestamp": "2026-07-20T16:10:18.025889Z"}
{"session_id": "local-stdio-session", "event": "using_static_access_token", "level": "info", "timestamp": "2026-07-20T16:10:18.455642Z"}
{"method": "POST", "family": "config", "path": "/organization/a1934c08-18c6-4e96-9862-831fe8994392/user", "attempt": 1, "event": "wxcc_api_call", "level": "info", "timestamp": "2026-07-20T16:10:18.455780Z"}
HTTP Request: POST https://api.wxcc-us1.cisco.com/organization/a1934c08-18c6-4e96-9862-831fe8994392/user "HTTP/1.1 403 Forbidden"
Processing request of type PingRequest
Processing request of type PingRequest
Processing request of type ListToolsRequest
Processing request of type ListPromptsRequest
Processing request of type ListResourcesRequest
Processing request of type ListToolsRequest
Processing request of type ListPromptsRequest
Processing request of type ListResourcesRequest
{"transport": "stdio", "toolsets": ["read", "realtime", "write"], "tools_enabled": 102, "tools_hidden": 0, "event": "wxcc_mcp_server_starting", "level": "info", "timestamp": "2026-07-20T16:25:17.836860Z"}
Processing request of type ListResourcesRequest
Processing request of type ListToolsRequest
Processing request of type ListResourcesRequest
Processing request of type ListPromptsRequest
Processing request of type SubscribeRequest
Processing request of type SubscribeRequest
Processing request of type SubscribeRequest
Processing request of type SubscribeRequest
Processing request of type SubscribeRequest
Processing request of type SubscribeRequest
Processing request of type SubscribeRequest
Processing request of type SubscribeRequest
Processing request of type SubscribeRequest
Processing request of type SubscribeRequest
Processing request of type SubscribeRequest
Processing request of type SubscribeRequest
Processing request of type SubscribeRequest
Processing request of type CallToolRequest
{"tool": "list_sites", "org_id": "a1934c08-18c6-4e96-9862-831fe8994392", "event": "tool_invoked", "level": "info", "timestamp": "2026-07-20T16:26:06.564065Z"}
{"session_id": "local-stdio-session", "event": "using_static_access_token", "level": "info", "timestamp": "2026-07-20T16:26:06.918751Z"}
{"method": "GET", "family": "config", "path": "/organization/a1934c08-18c6-4e96-9862-831fe8994392/site", "attempt": 1, "event": "wxcc_api_call", "level": "info", "timestamp": "2026-07-20T16:26:06.919252Z"}
Processing request of type CallToolRequest
{"tool": "list_teams", "org_id": "a1934c08-18c6-4e96-9862-831fe8994392", "event": "tool_invoked", "level": "info", "timestamp": "2026-07-20T16:26:06.926828Z"}
{"session_id": "local-stdio-session", "event": "using_static_access_token", "level": "info", "timestamp": "2026-07-20T16:26:06.926942Z"}
{"method": "GET", "family": "config", "path": "/organization/a1934c08-18c6-4e96-9862-831fe8994392/team", "attempt": 1, "event": "wxcc_api_call", "level": "info", "timestamp": "2026-07-20T16:26:06.926991Z"}
HTTP Request: GET https://api.wxcc-us1.cisco.com/organization/a1934c08-18c6-4e96-9862-831fe8994392/site "HTTP/1.1 200 OK"
HTTP Request: GET https://api.wxcc-us1.cisco.com/organization/a1934c08-18c6-4e96-9862-831fe8994392/team "HTTP/1.1 200 OK"
{"transport": "stdio", "toolsets": ["read", "realtime", "write"], "tools_enabled": 102, "tools_hidden": 0, "event": "wxcc_mcp_server_starting", "level": "info", "timestamp": "2026-07-20T16:29:07.879083Z"}
Processing request of type ListPromptsRequest
Processing request of type ListToolsRequest
Processing request of type CallToolRequest
{"tool": "create_user", "email": "mohamusal@gmail.com", "dry_run": true, "event": "tool_invoked", "level": "info", "timestamp": "2026-07-20T16:30:17.785004Z"}
Processing request of type CallToolRequest
{"tool": "create_user", "email": "mohamusal@gmail.com", "dry_run": false, "event": "tool_invoked", "level": "info", "timestamp": "2026-07-20T16:30:21.893560Z"}
{"session_id": "local-stdio-session", "event": "using_static_access_token", "level": "info", "timestamp": "2026-07-20T16:30:22.239203Z"}
{"method": "POST", "family": "config", "path": "/organization/a1934c08-18c6-4e96-9862-831fe8994392/user", "attempt": 1, "event": "wxcc_api_call", "level": "info", "timestamp": "2026-07-20T16:30:22.239387Z"}
HTTP Request: POST https://api.wxcc-us1.cisco.com/organization/a1934c08-18c6-4e96-9862-831fe8994392/user "HTTP/1.1 403 Forbidden"
Processing request of type PingRequest
Processing request of type CallToolRequest
{"tool": "create_user", "email": "mohammusal@cisco.com", "dry_run": true, "event": "tool_invoked", "level": "info", "timestamp": "2026-07-20T16:31:20.193780Z"}
Processing request of type CallToolRequest
{"tool": "create_user", "email": "mohammusal@cisco.com", "dry_run": false, "event": "tool_invoked", "level": "info", "timestamp": "2026-07-20T16:31:24.892903Z"}
{"session_id": "local-stdio-session", "event": "using_static_access_token", "level": "info", "timestamp": "2026-07-20T16:31:24.892997Z"}
{"method": "POST", "family": "config", "path": "/organization/a1934c08-18c6-4e96-9862-831fe8994392/user", "attempt": 1, "event": "wxcc_api_call", "level": "info", "timestamp": "2026-07-20T16:31:24.893029Z"}
HTTP Request: POST https://api.wxcc-us1.cisco.com/organization/a1934c08-18c6-4e96-9862-831fe8994392/user "HTTP/1.1 403 Forbidden"
Processing request of type CallToolRequest
{"tool": "create_user", "email": "mohammusal@cisco.com", "dry_run": false, "event": "tool_invoked", "level": "info", "timestamp": "2026-07-20T16:33:01.379258Z"}
{"session_id": "local-stdio-session", "event": "using_static_access_token", "level": "info", "timestamp": "2026-07-20T16:33:01.379358Z"}
{"method": "POST", "family": "config", "path": "/organization/a1934c08-18c6-4e96-9862-831fe8994392/user", "attempt": 1, "event": "wxcc_api_call", "level": "info", "timestamp": "2026-07-20T16:33:01.379459Z"}
HTTP Request: POST https://api.wxcc-us1.cisco.com/organization/a1934c08-18c6-4e96-9862-831fe8994392/user "HTTP/1.1 403 Forbidden"
Processing request of type PingRequest
Processing request of type CallToolRequest
{"tool": "create_user", "email": "webexone@cisco.com", "dry_run": false, "event": "tool_invoked", "level": "info", "timestamp": "2026-07-20T16:39:53.729451Z"}
{"session_id": "local-stdio-session", "event": "using_static_access_token", "level": "info", "timestamp": "2026-07-20T16:39:53.729702Z"}
{"method": "POST", "family": "config", "path": "/organization/a1934c08-18c6-4e96-9862-831fe8994392/user", "attempt": 1, "event": "wxcc_api_call", "level": "info", "timestamp": "2026-07-20T16:39:53.729919Z"}
HTTP Request: POST https://api.wxcc-us1.cisco.com/organization/a1934c08-18c6-4e96-9862-831fe8994392/user "HTTP/1.1 403 Forbidden"
Processing request of type PingRequest
Processing request of type PingRequest
Processing request of type ListToolsRequest
Processing request of type ListPromptsRequest
Processing request of type ListResourcesRequest
Processing request of type ListToolsRequest
Processing request of type ListPromptsRequest
Processing request of type ListResourcesRequest
{"transport": "stdio", "toolsets": ["read", "realtime", "write"], "tools_enabled": 102, "tools_hidden": 0, "event": "wxcc_mcp_server_starting", "level": "info", "timestamp": "2026-07-20T16:50:20.047403Z"}
Processing request of type ListResourcesRequest
Processing request of type ListToolsRequest
Processing request of type ListResourcesRequest
Processing request of type ListPromptsRequest
Processing request of type SubscribeRequest
Processing request of type SubscribeRequest
Processing request of type SubscribeRequest
Processing request of type SubscribeRequest
Processing request of type SubscribeRequest
Processing request of type SubscribeRequest
Processing request of type SubscribeRequest
Processing request of type SubscribeRequest
Processing request of type SubscribeRequest
Processing request of type SubscribeRequest
Processing request of type SubscribeRequest
Processing request of type SubscribeRequest
Processing request of type SubscribeRequest
Processing request of type CallToolRequest
{"tool": "list_agents", "org_id": "a1934c08-18c6-4e96-9862-831fe8994392", "event": "tool_invoked", "level": "info", "timestamp": "2026-07-20T16:51:16.932777Z"}
{"session_id": "local-stdio-session", "event": "using_static_access_token", "level": "info", "timestamp": "2026-07-20T16:51:17.260954Z"}
{"method": "GET", "family": "config", "path": "/organization/a1934c08-18c6-4e96-9862-831fe8994392/user", "attempt": 1, "event": "wxcc_api_call", "level": "info", "timestamp": "2026-07-20T16:51:17.261121Z"}
HTTP Request: GET https://api.wxcc-us1.cisco.com/organization/a1934c08-18c6-4e96-9862-831fe8994392/user?max=100 "HTTP/1.1 200 OK"
Processing request of type CallToolRequest
{"tool": "create_user", "email": "mohammusal@wxcckrk.wbx.ai", "dry_run": true, "event": "tool_invoked", "level": "info", "timestamp": "2026-07-20T16:51:23.153957Z"}
Processing request of type CallToolRequest
{"tool": "create_user", "email": "mohammusal@wxcckrk.wbx.ai", "dry_run": false, "event": "tool_invoked", "level": "info", "timestamp": "2026-07-20T16:51:27.183504Z"}
{"session_id": "local-stdio-session", "event": "using_static_access_token", "level": "info", "timestamp": "2026-07-20T16:51:27.183596Z"}
{"method": "POST", "family": "config", "path": "/organization/a1934c08-18c6-4e96-9862-831fe8994392/user", "attempt": 1, "event": "wxcc_api_call", "level": "info", "timestamp": "2026-07-20T16:51:27.183630Z"}
HTTP Request: POST https://api.wxcc-us1.cisco.com/organization/a1934c08-18c6-4e96-9862-831fe8994392/user "HTTP/1.1 403 Forbidden"
Processing request of type CallToolRequest
{"tool": "create_user", "email": "mohammusal@wxcckrk.wbx.ai", "dry_run": false, "event": "tool_invoked", "level": "info", "timestamp": "2026-07-20T16:52:37.066165Z"}
{"session_id": "local-stdio-session", "event": "using_static_access_token", "level": "info", "timestamp": "2026-07-20T16:52:37.066278Z"}
{"method": "POST", "family": "config", "path": "/organization/a1934c08-18c6-4e96-9862-831fe8994392/user", "attempt": 1, "event": "wxcc_api_call", "level": "info", "timestamp": "2026-07-20T16:52:37.066315Z"}
HTTP Request: POST https://api.wxcc-us1.cisco.com/organization/a1934c08-18c6-4e96-9862-831fe8994392/user "HTTP/1.1 403 Forbidden"
Processing request of type CallToolRequest
{"tool": "list_agents", "org_id": "a1934c08-18c6-4e96-9862-831fe8994392", "event": "tool_invoked", "level": "info", "timestamp": "2026-07-20T16:52:41.758218Z"}
{"session_id": "local-stdio-session", "event": "using_static_access_token", "level": "info", "timestamp": "2026-07-20T16:52:41.758526Z"}
{"method": "GET", "family": "config", "path": "/organization/a1934c08-18c6-4e96-9862-831fe8994392/user", "attempt": 1, "event": "wxcc_api_call", "level": "info", "timestamp": "2026-07-20T16:52:41.758643Z"}
HTTP Request: GET https://api.wxcc-us1.cisco.com/organization/a1934c08-18c6-4e96-9862-831fe8994392/user?max=100 "HTTP/1.1 200 OK"
Processing request of type PingRequest
Processing request of type PingRequest
Processing request of type PingRequest
Processing request of type PingRequest
Processing request of type PingRequest
Processing request of type PingRequest
Processing request of type PingRequest
Processing request of type PingRequest
Processing request of type PingRequest
Processing request of type PingRequest
{"transport": "stdio", "event": "wxcc_mcp_server_starting", "level": "info", "timestamp": "2026-07-20T17:48:10.906024Z"}
Processing request of type ListResourcesRequest
Processing request of type ListToolsRequest
Processing request of type ListResourcesRequest
Processing request of type ListPromptsRequest
Processing request of type SubscribeRequest
Processing request of type SubscribeRequest
Processing request of type SubscribeRequest
Processing request of type SubscribeRequest
Processing request of type SubscribeRequest
Processing request of type SubscribeRequest
Processing request of type PingRequest
Processing request of type PingRequest
Processing request of type PingRequest
Processing request of type PingRequest
Processing request of type PingRequest
Processing request of type PingRequest
Processing request of type PingRequest
Processing request of type PingRequest
Processing request of type PingRequest
Processing request of type PingRequest
Processing request of type PingRequest
Processing request of type PingRequest
Processing request of type PingRequest
{"transport": "stdio", "event": "wxcc_mcp_server_starting", "level": "info", "timestamp": "2026-07-21T09:34:39.228680Z"}
Processing request of type ListResourcesRequest
Processing request of type ListToolsRequest
Processing request of type ListResourcesRequest
Processing request of type ListPromptsRequest
Processing request of type SubscribeRequest
Processing request of type SubscribeRequest
Processing request of type SubscribeRequest
Processing request of type SubscribeRequest
Processing request of type SubscribeRequest
Processing request of type SubscribeRequest
{"transport": "stdio", "event": "wxcc_mcp_server_starting", "level": "info", "timestamp": "2026-07-21T09:39:29.820944Z"}
Processing request of type ListResourcesRequest
Processing request of type ListToolsRequest
Processing request of type ListResourcesRequest
Processing request of type ListPromptsRequest
Processing request of type SubscribeRequest
Processing request of type SubscribeRequest
Processing request of type SubscribeRequest
Processing request of type SubscribeRequest
Processing request of type SubscribeRequest
Processing request of type SubscribeRequest
Processing request of type PingRequest
Processing request of type PingRequest
Processing request of type PingRequest
Processing request of type PingRequest
{"transport": "stdio", "event": "wxcc_mcp_server_starting", "level": "info", "timestamp": "2026-07-21T10:05:01.728394Z"}
Processing request of type PingRequest
Processing request of type ListToolsRequest
Processing request of type ListPromptsRequest
Processing request of type ListResourcesRequest
Processing request of type ListToolsRequest
Processing request of type ListPromptsRequest
Processing request of type ListResourcesRequest
{"transport": "stdio", "event": "wxcc_mcp_server_starting", "level": "info", "timestamp": "2026-07-21T10:09:37.444960Z"}
Processing request of type ListResourcesRequest
Processing request of type ListToolsRequest
Processing request of type ListResourcesRequest
Processing request of type ListPromptsRequest
Processing request of type SubscribeRequest
Processing request of type SubscribeRequest
Processing request of type SubscribeRequest
Processing request of type SubscribeRequest
Processing request of type SubscribeRequest
Processing request of type SubscribeRequest
Processing request of type PingRequest
Processing request of type PingRequest
Processing request of type CallToolRequest
{"tool": "list_agents", "org_id": "a1934c08-18c6-4e96-9862-831fe8994392", "event": "tool_invoked", "level": "info", "timestamp": "2026-07-21T10:21:17.744631Z"}
{"session_id": "local-stdio-session", "event": "using_static_access_token", "level": "info", "timestamp": "2026-07-21T10:21:18.176718Z"}
{"method": "GET", "family": "config", "path": "/organization/a1934c08-18c6-4e96-9862-831fe8994392/user", "attempt": 1, "event": "wxcc_api_call", "level": "info", "timestamp": "2026-07-21T10:21:18.176865Z"}
HTTP Request: GET https://api.wxcc-us1.cisco.com/organization/a1934c08-18c6-4e96-9862-831fe8994392/user?max=100 "HTTP/1.1 200 OK"
Processing request of type CallToolRequest
{"tool": "list_teams", "org_id": "a1934c08-18c6-4e96-9862-831fe8994392", "event": "tool_invoked", "level": "info", "timestamp": "2026-07-21T10:21:59.432574Z"}
{"session_id": "local-stdio-session", "event": "using_static_access_token", "level": "info", "timestamp": "2026-07-21T10:21:59.432750Z"}
{"method": "GET", "family": "config", "path": "/organization/a1934c08-18c6-4e96-9862-831fe8994392/team", "attempt": 1, "event": "wxcc_api_call", "level": "info", "timestamp": "2026-07-21T10:21:59.432804Z"}
Processing request of type CallToolRequest
{"tool": "list_skill_profiles", "org_id": "a1934c08-18c6-4e96-9862-831fe8994392", "event": "tool_invoked", "level": "info", "timestamp": "2026-07-21T10:22:00.202655Z"}
{"session_id": "local-stdio-session", "event": "using_static_access_token", "level": "info", "timestamp": "2026-07-21T10:22:00.202739Z"}
{"method": "GET", "family": "config", "path": "/organization/a1934c08-18c6-4e96-9862-831fe8994392/skill-profile", "attempt": 1, "event": "wxcc_api_call", "level": "info", "timestamp": "2026-07-21T10:22:00.202772Z"}
HTTP Request: GET https://api.wxcc-us1.cisco.com/organization/a1934c08-18c6-4e96-9862-831fe8994392/team "HTTP/1.1 200 OK"
HTTP Request: GET https://api.wxcc-us1.cisco.com/organization/a1934c08-18c6-4e96-9862-831fe8994392/skill-profile "HTTP/1.1 200 OK"
Processing request of type CallToolRequest
Processing request of type CallToolRequest
{"tool": "create_user", "email": "user4@wxcckrk.wbx.ai", "dry_run": false, "event": "tool_invoked", "level": "info", "timestamp": "2026-07-21T10:25:35.621114Z"}
{"session_id": "local-stdio-session", "event": "using_static_access_token", "level": "info", "timestamp": "2026-07-21T10:25:35.621534Z"}
{"method": "POST", "family": "config", "path": "/organization/a1934c08-18c6-4e96-9862-831fe8994392/user", "attempt": 1, "event": "wxcc_api_call", "level": "info", "timestamp": "2026-07-21T10:25:35.621735Z"}
HTTP Request: POST https://api.wxcc-us1.cisco.com/organization/a1934c08-18c6-4e96-9862-831fe8994392/user "HTTP/1.1 403 Forbidden"
Processing request of type PingRequest
Processing request of type PingRequest
Processing request of type PingRequest
Processing request of type PingRequest
Processing request of type PingRequest
Processing request of type PingRequest
Processing request of type PingRequest
Processing request of type PingRequest
Processing request of type PingRequest
Processing request of type PingRequest
Processing request of type PingRequest
Processing request of type PingRequest
Processing request of type PingRequest
Processing request of type PingRequest
Processing request of type PingRequest
Processing request of type PingRequest
Processing request of type ListToolsRequest
Processing request of type ListPromptsRequest
Processing request of type ListResourcesRequest
Processing request of type ListToolsRequest
Processing request of type ListPromptsRequest
Processing request of type ListResourcesRequest
{"transport": "stdio", "event": "wxcc_mcp_server_starting", "level": "info", "timestamp": "2026-07-21T11:53:56.985891Z"}
Processing request of type ListResourcesRequest
Processing request of type ListToolsRequest
Processing request of type ListResourcesRequest
Processing request of type ListPromptsRequest
Processing request of type SubscribeRequest
Processing request of type SubscribeRequest
Processing request of type SubscribeRequest
Processing request of type SubscribeRequest
Processing request of type SubscribeRequest
Processing request of type SubscribeRequest
Processing request of type ListToolsRequest
Processing request of type ListPromptsRequest
Processing request of type ListResourcesRequest
Processing request of type ListToolsRequest
Processing request of type ListPromptsRequest
Processing request of type ListResourcesRequest
Processing request of type CallToolRequest
{"tool": "list_teams", "org_id": "a1934c08-18c6-4e96-9862-831fe8994392", "event": "tool_invoked", "level": "info", "timestamp": "2026-07-21T11:54:57.436354Z"}
{"session_id": "local-stdio-session", "event": "using_static_access_token", "level": "info", "timestamp": "2026-07-21T11:54:57.782443Z"}
{"method": "GET", "family": "config", "path": "/organization/a1934c08-18c6-4e96-9862-831fe8994392/team", "attempt": 1, "event": "wxcc_api_call", "level": "info", "timestamp": "2026-07-21T11:54:57.782588Z"}
Processing request of type CallToolRequest
{"tool": "list_skill_profiles", "org_id": "a1934c08-18c6-4e96-9862-831fe8994392", "event": "tool_invoked", "level": "info", "timestamp": "2026-07-21T11:54:58.306521Z"}
{"session_id": "local-stdio-session", "event": "using_static_access_token", "level": "info", "timestamp": "2026-07-21T11:54:58.306619Z"}
{"method": "GET", "family": "config", "path": "/organization/a1934c08-18c6-4e96-9862-831fe8994392/skill-profile", "attempt": 1, "event": "wxcc_api_call", "level": "info", "timestamp": "2026-07-21T11:54:58.306654Z"}
HTTP Request: GET https://api.wxcc-us1.cisco.com/organization/a1934c08-18c6-4e96-9862-831fe8994392/team "HTTP/1.1 200 OK"
HTTP Request: GET https://api.wxcc-us1.cisco.com/organization/a1934c08-18c6-4e96-9862-831fe8994392/skill-profile "HTTP/1.1 200 OK"
Processing request of type CallToolRequest
{"tool": "create_user", "email": "mohammusal@gmail.com", "dry_run": false, "event": "tool_invoked", "level": "info", "timestamp": "2026-07-21T11:56:11.001687Z"}
{"session_id": "local-stdio-session", "event": "using_static_access_token", "level": "info", "timestamp": "2026-07-21T11:56:11.001846Z"}
{"method": "POST", "family": "platform", "path": "/v1/people", "attempt": 1, "event": "wxcc_api_call", "level": "info", "timestamp": "2026-07-21T11:56:11.001893Z"}
HTTP Request: POST https://webexapis.com/v1/people "HTTP/1.1 400 Bad Request"
Processing request of type CallToolRequest
{"tool": "create_user", "email": "mohammusal@gmail.com", "dry_run": false, "event": "tool_invoked", "level": "info", "timestamp": "2026-07-21T11:56:25.473297Z"}
{"session_id": "local-stdio-session", "event": "using_static_access_token", "level": "info", "timestamp": "2026-07-21T11:56:25.473431Z"}
{"method": "POST", "family": "platform", "path": "/v1/people", "attempt": 1, "event": "wxcc_api_call", "level": "info", "timestamp": "2026-07-21T11:56:25.473471Z"}
HTTP Request: POST https://webexapis.com/v1/people "HTTP/1.1 200 OK"
{"tool": "assign_agent_to_team", "user_id": "Y2lzY29zcGFyazovL3VzL1BFT1BMRS9kMjFmOGVjYi0yYTk5LTQ2NjQtYTE4Ni0wMGMzMTVlNmQ5YmM", "dry_run": false, "event": "tool_invoked", "level": "info", "timestamp": "2026-07-21T11:56:27.914559Z"}
{"session_id": "local-stdio-session", "event": "using_static_access_token", "level": "info", "timestamp": "2026-07-21T11:56:27.914686Z"}
{"method": "PUT", "family": "config", "path": "/organization/a1934c08-18c6-4e96-9862-831fe8994392/user/Y2lzY29zcGFyazovL3VzL1BFT1BMRS9kMjFmOGVjYi0yYTk5LTQ2NjQtYTE4Ni0wMGMzMTVlNmQ5YmM", "attempt": 1, "event": "wxcc_api_call", "level": "info", "timestamp": "2026-07-21T11:56:27.914727Z"}
HTTP Request: PUT https://api.wxcc-us1.cisco.com/organization/a1934c08-18c6-4e96-9862-831fe8994392/user/Y2lzY29zcGFyazovL3VzL1BFT1BMRS9kMjFmOGVjYi0yYTk5LTQ2NjQtYTE4Ni0wMGMzMTVlNmQ5YmM "HTTP/1.1 400 Bad Request"
{"tool": "assign_skill_profile", "user_id": "Y2lzY29zcGFyazovL3VzL1BFT1BMRS9kMjFmOGVjYi0yYTk5LTQ2NjQtYTE4Ni0wMGMzMTVlNmQ5YmM", "dry_run": false, "event": "tool_invoked", "level": "info", "timestamp": "2026-07-21T11:56:28.920652Z"}
{"session_id": "local-stdio-session", "event": "using_static_access_token", "level": "info", "timestamp": "2026-07-21T11:56:28.920784Z"}
{"method": "PUT", "family": "config", "path": "/organization/a1934c08-18c6-4e96-9862-831fe8994392/user/Y2lzY29zcGFyazovL3VzL1BFT1BMRS9kMjFmOGVjYi0yYTk5LTQ2NjQtYTE4Ni0wMGMzMTVlNmQ5YmM", "attempt": 1, "event": "wxcc_api_call", "level": "info", "timestamp": "2026-07-21T11:56:28.920836Z"}
HTTP Request: PUT https://api.wxcc-us1.cisco.com/organization/a1934c08-18c6-4e96-9862-831fe8994392/user/Y2lzY29zcGFyazovL3VzL1BFT1BMRS9kMjFmOGVjYi0yYTk5LTQ2NjQtYTE4Ni0wMGMzMTVlNmQ5YmM "HTTP/1.1 400 Bad Request"
{"tool": "validate_agent_routing", "org_id": "a1934c08-18c6-4e96-9862-831fe8994392", "event": "tool_invoked", "level": "info", "timestamp": "2026-07-21T11:56:29.194469Z"}
{"tool": "get_user", "org_id": "a1934c08-18c6-4e96-9862-831fe8994392", "event": "tool_invoked", "level": "info", "timestamp": "2026-07-21T11:56:29.194588Z"}
{"session_id": "local-stdio-session", "event": "using_static_access_token", "level": "info", "timestamp": "2026-07-21T11:56:29.194637Z"}
{"method": "GET", "family": "config", "path": "/organization/a1934c08-18c6-4e96-9862-831fe8994392/user/Y2lzY29zcGFyazovL3VzL1BFT1BMRS9kMjFmOGVjYi0yYTk5LTQ2NjQtYTE4Ni0wMGMzMTVlNmQ5YmM", "attempt": 1, "event": "wxcc_api_call", "level": "info", "timestamp": "2026-07-21T11:56:29.194666Z"}
HTTP Request: GET https://api.wxcc-us1.cisco.com/organization/a1934c08-18c6-4e96-9862-831fe8994392/user/Y2lzY29zcGFyazovL3VzL1BFT1BMRS9kMjFmOGVjYi0yYTk5LTQ2NjQtYTE4Ni0wMGMzMTVlNmQ5YmM "HTTP/1.1 403 Forbidden"
{"tool": "get_user_config", "org_id": "a1934c08-18c6-4e96-9862-831fe8994392", "event": "tool_invoked", "level": "info", "timestamp": "2026-07-21T11:56:29.609578Z"}
{"session_id": "local-stdio-session", "event": "using_static_access_token", "level": "info", "timestamp": "2026-07-21T11:56:29.609716Z"}
{"method": "GET", "family": "config", "path": "/organization/a1934c08-18c6-4e96-9862-831fe8994392/user/Y2lzY29zcGFyazovL3VzL1BFT1BMRS9kMjFmOGVjYi0yYTk5LTQ2NjQtYTE4Ni0wMGMzMTVlNmQ5YmM", "attempt": 1, "event": "wxcc_api_call", "level": "info", "timestamp": "2026-07-21T11:56:29.609774Z"}
HTTP Request: GET https://api.wxcc-us1.cisco.com/organization/a1934c08-18c6-4e96-9862-831fe8994392/user/Y2lzY29zcGFyazovL3VzL1BFT1BMRS9kMjFmOGVjYi0yYTk5LTQ2NjQtYTE4Ni0wMGMzMTVlNmQ5YmM "HTTP/1.1 403 Forbidden"
{"tool": "get_agent_state_history", "org_id": "a1934c08-18c6-4e96-9862-831fe8994392", "lookback_minutes": 120, "event": "tool_invoked", "level": "info", "timestamp": "2026-07-21T11:56:30.027691Z"}
{"session_id": "local-stdio-session", "event": "using_static_access_token", "level": "info", "timestamp": "2026-07-21T11:56:30.027804Z"}
{"method": "GET", "family": "reporting", "path": "/organization/a1934c08-18c6-4e96-9862-831fe8994392/agent-state/search", "attempt": 1, "event": "wxcc_api_call", "level": "info", "timestamp": "2026-07-21T11:56:30.027840Z"}
HTTP Request: GET https://api.wxcc-us1.cisco.com/organization/a1934c08-18c6-4e96-9862-831fe8994392/agent-state/search?agentId=Y2lzY29zcGFyazovL3VzL1BFT1BMRS9kMjFmOGVjYi0yYTk5LTQ2NjQtYTE4Ni0wMGMzMTVlNmQ5YmM&lookbackMinutes=120 "HTTP/1.1 404 Not Found"
{"tool": "get_agent_login_session", "org_id": "a1934c08-18c6-4e96-9862-831fe8994392", "event": "tool_invoked", "level": "info", "timestamp": "2026-07-21T11:56:30.183630Z"}
{"session_id": "local-stdio-session", "event": "using_static_access_token", "level": "info", "timestamp": "2026-07-21T11:56:30.183772Z"}
{"method": "POST", "family": "config", "path": "/search", "attempt": 1, "event": "wxcc_api_call", "level": "info", "timestamp": "2026-07-21T11:56:30.183824Z"}
HTTP Request: POST https://api.wxcc-us1.cisco.com/search?orgId=a1934c08-18c6-4e96-9862-831fe8994392 "HTTP/1.1 200 OK"
Processing request of type ListToolsRequest
Processing request of type ListPromptsRequest
Processing request of type ListResourcesRequest
Processing request of type ListToolsRequest
Processing request of type ListPromptsRequest
Processing request of type ListResourcesRequest
Processing request of type PingRequest
Processing request of type CallToolRequest
{"tool": "assign_agent_to_team", "user_id": "Y2lzY29zcGFyazovL3VzL1BFT1BMRS9kMjFmOGVjYi0yYTk5LTQ2NjQtYTE4Ni0wMGMzMTVlNmQ5YmM", "dry_run": false, "event": "tool_invoked", "level": "info", "timestamp": "2026-07-21T12:00:05.090448Z"}
{"session_id": "local-stdio-session", "event": "using_static_access_token", "level": "info", "timestamp": "2026-07-21T12:00:05.090801Z"}
{"method": "PUT", "family": "config", "path": "/organization/a1934c08-18c6-4e96-9862-831fe8994392/user/Y2lzY29zcGFyazovL3VzL1BFT1BMRS9kMjFmOGVjYi0yYTk5LTQ2NjQtYTE4Ni0wMGMzMTVlNmQ5YmM", "attempt": 1, "event": "wxcc_api_call", "level": "info", "timestamp": "2026-07-21T12:00:05.090886Z"}
HTTP Request: PUT https://api.wxcc-us1.cisco.com/organization/a1934c08-18c6-4e96-9862-831fe8994392/user/Y2lzY29zcGFyazovL3VzL1BFT1BMRS9kMjFmOGVjYi0yYTk5LTQ2NjQtYTE4Ni0wMGMzMTVlNmQ5YmM "HTTP/1.1 400 Bad Request"
{"transport": "stdio", "event": "wxcc_mcp_server_starting", "level": "info", "timestamp": "2026-07-21T12:01:52.835732Z"}
Processing request of type ListPromptsRequest
Processing request of type ListToolsRequest
Processing request of type ListToolsRequest
Processing request of type ListPromptsRequest
Processing request of type ListResourcesRequest
Processing request of type ListToolsRequest
Processing request of type ListPromptsRequest
Processing request of type ListResourcesRequest
Processing request of type CallToolRequest
{"tool": "list_callbacks", "org_id": "a1934c08-18c6-4e96-9862-831fe8994392", "event": "tool_invoked", "level": "info", "timestamp": "2026-07-21T12:04:25.569445Z"}
{"session_id": "local-stdio-session", "event": "using_static_access_token", "level": "info", "timestamp": "2026-07-21T12:04:25.909853Z"}
{"method": "GET", "family": "config", "path": "/organization/a1934c08-18c6-4e96-9862-831fe8994392/callback", "attempt": 1, "event": "wxcc_api_call", "level": "info", "timestamp": "2026-07-21T12:04:25.909988Z"}
HTTP Request: GET https://api.wxcc-us1.cisco.com/organization/a1934c08-18c6-4e96-9862-831fe8994392/callback?max=100 "HTTP/1.1 404 Not Found"
Processing request of type PingRequest
Processing request of type CallToolRequest
{"tool": "list_callbacks", "org_id": "a1934c08-18c6-4e96-9862-831fe8994392", "event": "tool_invoked", "level": "info", "timestamp": "2026-07-21T12:05:55.886873Z"}
{"session_id": "local-stdio-session", "event": "using_static_access_token", "level": "info", "timestamp": "2026-07-21T12:05:55.887173Z"}
{"method": "GET", "family": "config", "path": "/organization/a1934c08-18c6-4e96-9862-831fe8994392/callback", "attempt": 1, "event": "wxcc_api_call", "level": "info", "timestamp": "2026-07-21T12:05:55.887415Z"}
HTTP Request: GET https://api.wxcc-us1.cisco.com/organization/a1934c08-18c6-4e96-9862-831fe8994392/callback?max=100 "HTTP/1.1 404 Not Found"
Processing request of type CallToolRequest
{"tool": "create_callback", "callback_number": "+48573244479", "dry_run": false, "event": "tool_invoked", "level": "info", "timestamp": "2026-07-21T12:06:50.456132Z"}
{"session_id": "local-stdio-session", "event": "using_static_access_token", "level": "info", "timestamp": "2026-07-21T12:06:50.456419Z"}
{"method": "POST", "family": "config", "path": "/organization/a1934c08-18c6-4e96-9862-831fe8994392/callback", "attempt": 1, "event": "wxcc_api_call", "level": "info", "timestamp": "2026-07-21T12:06:50.456469Z"}
HTTP Request: POST https://api.wxcc-us1.cisco.com/organization/a1934c08-18c6-4e96-9862-831fe8994392/callback "HTTP/1.1 404 Not Found"
Processing request of type PingRequest
Processing request of type CallToolRequest
{"tool": "create_callback", "callback_number": "+48573244479", "dry_run": false, "event": "tool_invoked", "level": "info", "timestamp": "2026-07-21T12:14:13.261702Z"}
{"session_id": "local-stdio-session", "event": "using_static_access_token", "level": "info", "timestamp": "2026-07-21T12:14:13.262088Z"}
{"method": "POST", "family": "config", "path": "/organization/a1934c08-18c6-4e96-9862-831fe8994392/callback", "attempt": 1, "event": "wxcc_api_call", "level": "info", "timestamp": "2026-07-21T12:14:13.262168Z"}
HTTP Request: POST https://api.wxcc-us1.cisco.com/organization/a1934c08-18c6-4e96-9862-831fe8994392/callback "HTTP/1.1 404 Not Found"
Processing request of type PingRequest
Processing request of type CallToolRequest
{"tool": "create_callback", "callback_number": "+48573244479", "dry_run": false, "event": "tool_invoked", "level": "info", "timestamp": "2026-07-21T12:16:31.686407Z"}
{"session_id": "local-stdio-session", "event": "using_static_access_token", "level": "info", "timestamp": "2026-07-21T12:16:31.686706Z"}
{"method": "POST", "family": "config", "path": "/organization/a1934c08-18c6-4e96-9862-831fe8994392/callback", "attempt": 1, "event": "wxcc_api_call", "level": "info", "timestamp": "2026-07-21T12:16:31.686799Z"}
HTTP Request: POST https://api.wxcc-us1.cisco.com/organization/a1934c08-18c6-4e96-9862-831fe8994392/callback "HTTP/1.1 404 Not Found"
Processing request of type ListToolsRequest
Processing request of type ListPromptsRequest
Processing request of type ListResourcesRequest
Processing request of type ListToolsRequest
Processing request of type ListPromptsRequest
Processing request of type ListResourcesRequest
Processing request of type ListToolsRequest
Processing request of type ListPromptsRequest
Processing request of type ListResourcesRequest
Processing request of type ListToolsRequest
Processing request of type ListPromptsRequest
Processing request of type ListResourcesRequest
{"transport": "stdio", "event": "wxcc_mcp_server_starting", "level": "info", "timestamp": "2026-07-21T12:19:17.391607Z"}
Processing request of type ListResourcesRequest
Processing request of type ListToolsRequest
Processing request of type ListResourcesRequest
Processing request of type ListPromptsRequest
Processing request of type SubscribeRequest
Processing request of type SubscribeRequest
Processing request of type SubscribeRequest
Processing request of type SubscribeRequest
Processing request of type SubscribeRequest
Processing request of type SubscribeRequest
{"transport": "stdio", "event": "wxcc_mcp_server_starting", "level": "info", "timestamp": "2026-07-21T12:19:47.627959Z"}
Processing request of type CallToolRequest
{"tool": "create_callback", "callback_number": "+48573244479", "dry_run": false, "event": "tool_invoked", "level": "info", "timestamp": "2026-07-21T12:20:57.698560Z"}
{"session_id": "local-stdio-session", "event": "using_static_access_token", "level": "info", "timestamp": "2026-07-21T12:20:58.124728Z"}
{"method": "POST", "family": "config", "path": "/organization/a1934c08-18c6-4e96-9862-831fe8994392/scheduled-callback", "attempt": 1, "event": "wxcc_api_call", "level": "info", "timestamp": "2026-07-21T12:20:58.125064Z"}
HTTP Request: POST https://api.wxcc-us1.cisco.com/organization/a1934c08-18c6-4e96-9862-831fe8994392/scheduled-callback "HTTP/1.1 404 Not Found"
Processing request of type PingRequest
Processing request of type PingRequest
Processing request of type PingRequest
Processing request of type PingRequest
Processing request of type PingRequest
Processing request of type PingRequest
Processing request of type PingRequest
Processing request of type PingRequest
Processing request of type PingRequest
Processing request of type PingRequest
Processing request of type PingRequest
Processing request of type PingRequest
Processing request of type PingRequest
Processing request of type PingRequest
Processing request of type PingRequest
Processing request of type PingRequest
{"transport": "stdio", "event": "wxcc_mcp_server_starting", "level": "info", "timestamp": "2026-07-21T14:45:08.461813Z"}
Processing request of type ListResourcesRequest
Processing request of type ListToolsRequest
Processing request of type ListResourcesRequest
Processing request of type ListPromptsRequest
Processing request of type SubscribeRequest
Processing request of type SubscribeRequest
Processing request of type SubscribeRequest
Processing request of type SubscribeRequest
Processing request of type SubscribeRequest
Processing request of type SubscribeRequest
Processing request of type PingRequest
Processing request of type PingRequest
Processing request of type PingRequest
Processing request of type PingRequest
Processing request of type PingRequest
Processing request of type PingRequest
Processing request of type PingRequest
Processing request of type PingRequest
Processing request of type PingRequest
Processing request of type PingRequest
Processing request of type PingRequest
Processing request of type PingRequest
Processing request of type PingRequest
Processing request of type PingRequest
Processing request of type PingRequest
Processing request of type PingRequest
{"transport": "stdio", "event": "wxcc_mcp_server_starting", "level": "info", "timestamp": "2026-07-22T08:53:05.719154Z"}
Processing request of type ListResourcesRequest
Processing request of type ListToolsRequest
Processing request of type ListResourcesRequest
Processing request of type ListPromptsRequest
Processing request of type SubscribeRequest
Processing request of type SubscribeRequest
Processing request of type SubscribeRequest
Processing request of type SubscribeRequest
Processing request of type SubscribeRequest
Processing request of type SubscribeRequest
Processing request of type PingRequest
Processing request of type PingRequest
Processing request of type PingRequest
Processing request of type PingRequest
Processing request of type PingRequest
Processing request of type PingRequest
Processing request of type PingRequest
Processing request of type PingRequest
Processing request of type PingRequest
Processing request of type PingRequest
Processing request of type PingRequest
Processing request of type PingRequest
Processing request of type PingRequest
Processing request of type PingRequest
Processing request of type PingRequest
Processing request of type PingRequest
Processing request of type PingRequest
Processing request of type PingRequest
Processing request of type PingRequest
Processing request of type PingRequest
Processing request of type PingRequest
Processing request of type PingRequest
Processing request of type PingRequest
Processing request of type PingRequest
Processing request of type PingRequest
Processing request of type PingRequest
Processing request of type PingRequest
Processing request of type PingRequest
Processing request of type PingRequest
Processing request of type PingRequest
Processing request of type PingRequest
Processing request of type PingRequest
{"transport": "stdio", "event": "wxcc_mcp_server_starting", "level": "info", "timestamp": "2026-07-22T13:10:13.143524Z"}
Processing request of type ListResourcesRequest
Processing request of type ListToolsRequest
Processing request of type ListResourcesRequest
Processing request of type ListPromptsRequest
Processing request of type SubscribeRequest
Processing request of type SubscribeRequest
Processing request of type SubscribeRequest
Processing request of type SubscribeRequest
Processing request of type SubscribeRequest
Processing request of type SubscribeRequest
Processing request of type PingRequest
Processing request of type PingRequest
Processing request of type PingRequest
Processing request of type PingRequest
Processing request of type PingRequest
Processing request of type PingRequest
Processing request of type PingRequest
Processing request of type PingRequest
Processing request of type PingRequest
Processing request of type PingRequest
Processing request of type PingRequest
Processing request of type PingRequest
Processing request of type PingRequest
Processing request of type PingRequest
Processing request of type PingRequest
Processing request of type PingRequest
Processing request of type PingRequest
Processing request of type PingRequest
Processing request of type PingRequest
Processing request of type PingRequest
Processing request of type ListToolsRequest
Processing request of type ListPromptsRequest
Processing request of type ListResourcesRequest
Processing request of type ListToolsRequest
Processing request of type ListPromptsRequest
Processing request of type ListResourcesRequest
{"transport": "stdio", "event": "wxcc_mcp_server_starting", "level": "info", "timestamp": "2026-07-22T14:56:57.355560Z"}
Processing request of type ListResourcesRequest
Processing request of type ListToolsRequest
Processing request of type ListResourcesRequest
Processing request of type ListPromptsRequest
Processing request of type SubscribeRequest
Processing request of type SubscribeRequest
Processing request of type SubscribeRequest
Processing request of type ListToolsRequest
Processing request of type ListPromptsRequest
Processing request of type ListResourcesRequest
Processing request of type ListToolsRequest
Processing request of type ListPromptsRequest
Processing request of type ListResourcesRequest
{"transport": "stdio", "event": "wxcc_mcp_server_starting", "level": "info", "timestamp": "2026-07-22T14:58:39.315494Z"}
Processing request of type ListResourcesRequest
Processing request of type SubscribeRequest
Processing request of type ListToolsRequest
Processing request of type ListResourcesRequest
Processing request of type ListPromptsRequest
Processing request of type SubscribeRequest
Processing request of type SubscribeRequest
Processing request of type CallToolRequest
{"tool": "list_address_books", "org_id": "a1934c08-18c6-4e96-9862-831fe8994392", "event": "tool_invoked", "level": "info", "timestamp": "2026-07-22T15:00:39.989930Z"}
{"session_id": "local-stdio-session", "event": "using_static_access_token", "level": "info", "timestamp": "2026-07-22T15:00:40.437043Z"}
{"method": "GET", "family": "config", "path": "/organization/a1934c08-18c6-4e96-9862-831fe8994392/address-book", "attempt": 1, "event": "wxcc_api_call", "level": "info", "timestamp": "2026-07-22T15:00:40.437194Z"}
HTTP Request: GET https://api.wxcc-us1.cisco.com/organization/a1934c08-18c6-4e96-9862-831fe8994392/address-book?pageSize=100 "HTTP/1.1 200 OK"
Processing request of type CallToolRequest
{"tool": "create_address_book", "name": "Internal Directory", "dry_run": false, "event": "tool_invoked", "level": "info", "timestamp": "2026-07-22T15:01:23.597608Z"}
{"session_id": "local-stdio-session", "event": "using_static_access_token", "level": "info", "timestamp": "2026-07-22T15:01:23.598231Z"}
{"method": "POST", "family": "config", "path": "/organization/a1934c08-18c6-4e96-9862-831fe8994392/address-book", "attempt": 1, "event": "wxcc_api_call", "level": "info", "timestamp": "2026-07-22T15:01:23.598425Z"}
HTTP Request: POST https://api.wxcc-us1.cisco.com/organization/a1934c08-18c6-4e96-9862-831fe8994392/address-book "HTTP/1.1 201 Created"
Processing request of type ListToolsRequest
Processing request of type ListPromptsRequest
Processing request of type ListResourcesRequest
Processing request of type ListToolsRequest
Processing request of type ListPromptsRequest
Processing request of type ListResourcesRequest
Processing request of type CallToolRequest
Processing request of type CallToolRequest
Processing request of type CallToolRequest
Processing request of type CallToolRequest
{"tool": "create_entry", "dry_run": false, "event": "tool_invoked", "level": "info", "timestamp": "2026-07-22T15:02:50.393925Z"}
{"session_id": "local-stdio-session", "event": "using_static_access_token", "level": "info", "timestamp": "2026-07-22T15:02:50.394264Z"}
{"method": "POST", "family": "config", "path": "/organization/a1934c08-18c6-4e96-9862-831fe8994392/address-book/9ba275fa-7c63-4a47-afe2-426d2c503642/entry", "attempt": 1, "event": "wxcc_api_call", "level": "info", "timestamp": "2026-07-22T15:02:50.394356Z"}
{"tool": "create_entry", "dry_run": false, "event": "tool_invoked", "level": "info", "timestamp": "2026-07-22T15:02:51.187267Z"}
{"session_id": "local-stdio-session", "event": "using_static_access_token", "level": "info", "timestamp": "2026-07-22T15:02:51.187449Z"}
{"method": "POST", "family": "config", "path": "/organization/a1934c08-18c6-4e96-9862-831fe8994392/address-book/9ba275fa-7c63-4a47-afe2-426d2c503642/entry", "attempt": 1, "event": "wxcc_api_call", "level": "info", "timestamp": "2026-07-22T15:02:51.187499Z"}
HTTP Request: POST https://api.wxcc-us1.cisco.com/organization/a1934c08-18c6-4e96-9862-831fe8994392/address-book/9ba275fa-7c63-4a47-afe2-426d2c503642/entry "HTTP/1.1 201 Created"
HTTP Request: POST https://api.wxcc-us1.cisco.com/organization/a1934c08-18c6-4e96-9862-831fe8994392/address-book/9ba275fa-7c63-4a47-afe2-426d2c503642/entry "HTTP/1.1 201 Created"
Processing request of type CallToolRequest
{"tool": "get_agent", "identifier": "user2", "event": "tool_invoked", "level": "info", "timestamp": "2026-07-22T15:03:33.237287Z"}
{"session_id": "local-stdio-session", "event": "using_static_access_token", "level": "info", "timestamp": "2026-07-22T15:03:33.237390Z"}
{"method": "GET", "family": "config", "path": "/organization/a1934c08-18c6-4e96-9862-831fe8994392/user/user2", "attempt": 1, "event": "wxcc_api_call", "level": "info", "timestamp": "2026-07-22T15:03:33.237428Z"}
HTTP Request: GET https://api.wxcc-us1.cisco.com/organization/a1934c08-18c6-4e96-9862-831fe8994392/user/user2 "HTTP/1.1 403 Forbidden"
Processing request of type CallToolRequest
{"tool": "list_desktop_profiles", "org_id": "a1934c08-18c6-4e96-9862-831fe8994392", "event": "tool_invoked", "level": "info", "timestamp": "2026-07-22T15:03:34.153454Z"}
{"session_id": "local-stdio-session", "event": "using_static_access_token", "level": "info", "timestamp": "2026-07-22T15:03:34.153574Z"}
{"method": "GET", "family": "config", "path": "/organization/a1934c08-18c6-4e96-9862-831fe8994392/agent-profile", "attempt": 1, "event": "wxcc_api_call", "level": "info", "timestamp": "2026-07-22T15:03:34.153615Z"}
HTTP Request: GET https://api.wxcc-us1.cisco.com/organization/a1934c08-18c6-4e96-9862-831fe8994392/agent-profile?pageSize=100 "HTTP/1.1 200 OK"
Processing request of type CallToolRequest
{"tool": "list_agents", "org_id": "a1934c08-18c6-4e96-9862-831fe8994392", "event": "tool_invoked", "level": "info", "timestamp": "2026-07-22T15:03:40.800301Z"}
{"session_id": "local-stdio-session", "event": "using_static_access_token", "level": "info", "timestamp": "2026-07-22T15:03:40.800389Z"}
{"method": "GET", "family": "config", "path": "/organization/a1934c08-18c6-4e96-9862-831fe8994392/user", "attempt": 1, "event": "wxcc_api_call", "level": "info", "timestamp": "2026-07-22T15:03:40.800427Z"}
HTTP Request: GET https://api.wxcc-us1.cisco.com/organization/a1934c08-18c6-4e96-9862-831fe8994392/user?pageSize=100 "HTTP/1.1 200 OK"
Processing request of type CallToolRequest
Processing request of type PingRequest
{"tool": "assign_address_book_to_profile", "profile_id": "89dea615-21e7-44dc-a45e-7ede0696817e", "address_book_id": "9ba275fa-7c63-4a47-afe2-426d2c503642", "dry_run": false, "event": "tool_invoked", "level": "info", "timestamp": "2026-07-22T15:04:14.508265Z"}
{"session_id": "local-stdio-session", "event": "using_static_access_token", "level": "info", "timestamp": "2026-07-22T15:04:14.508430Z"}
{"method": "GET", "family": "config", "path": "/organization/a1934c08-18c6-4e96-9862-831fe8994392/agent-profile/89dea615-21e7-44dc-a45e-7ede0696817e", "attempt": 1, "event": "wxcc_api_call", "level": "info", "timestamp": "2026-07-22T15:04:14.508480Z"}
HTTP Request: GET https://api.wxcc-us1.cisco.com/organization/a1934c08-18c6-4e96-9862-831fe8994392/agent-profile/89dea615-21e7-44dc-a45e-7ede0696817e "HTTP/1.1 200 OK"
{"session_id": "local-stdio-session", "event": "using_static_access_token", "level": "info", "timestamp": "2026-07-22T15:04:15.226109Z"}
{"method": "PUT", "family": "config", "path": "/organization/a1934c08-18c6-4e96-9862-831fe8994392/agent-profile/89dea615-21e7-44dc-a45e-7ede0696817e", "attempt": 1, "event": "wxcc_api_call", "level": "info", "timestamp": "2026-07-22T15:04:15.226206Z"}
HTTP Request: PUT https://api.wxcc-us1.cisco.com/organization/a1934c08-18c6-4e96-9862-831fe8994392/agent-profile/89dea615-21e7-44dc-a45e-7ede0696817e "HTTP/1.1 200 OK"
Processing request of type ListToolsRequest
Processing request of type ListPromptsRequest
Processing request of type ListResourcesRequest
Processing request of type ListToolsRequest
Processing request of type ListPromptsRequest
Processing request of type ListResourcesRequest
Processing request of type PingRequest
Processing request of type ListToolsRequest
Processing request of type ListPromptsRequest
Processing request of type ListResourcesRequest
Processing request of type ListToolsRequest
Processing request of type ListPromptsRequest
Processing request of type ListResourcesRequest
Processing request of type PingRequest
Processing request of type PingRequest
Processing request of type PingRequest
Processing request of type PingRequest
Processing request of type PingRequest
Processing request of type PingRequest
Processing request of type PingRequest
Processing request of type PingRequest
Processing request of type PingRequest
Processing request of type PingRequest
Processing request of type PingRequest
Processing request of type CallToolRequest
Processing request of type PingRequest
{"tool": "sync_crm_to_address_book", "address_book_id": "9ba275fa-7c63-4a47-afe2-426d2c503642", "prune": false, "dry_run": false, "event": "tool_invoked", "level": "info", "timestamp": "2026-07-22T16:12:57.246569Z"}
{"session_id": "local-stdio-session", "event": "using_static_access_token", "level": "info", "timestamp": "2026-07-22T16:12:57.246991Z"}
{"method": "GET", "family": "config", "path": "/organization/a1934c08-18c6-4e96-9862-831fe8994392/address-book/9ba275fa-7c63-4a47-afe2-426d2c503642/entry", "attempt": 1, "event": "wxcc_api_call", "level": "info", "timestamp": "2026-07-22T16:12:57.247062Z"}
HTTP Request: GET https://api.wxcc-us1.cisco.com/organization/a1934c08-18c6-4e96-9862-831fe8994392/address-book/9ba275fa-7c63-4a47-afe2-426d2c503642/entry?page=0&pageSize=100 "HTTP/1.1 405 Method Not Allowed"
Processing request of type CallToolRequest
Processing request of type CallToolRequest
Processing request of type CallToolRequest
Processing request of type CallToolRequest
Processing request of type CallToolRequest
Processing request of type CallToolRequest
Processing request of type CallToolRequest
{"tool": "create_entry", "dry_run": false, "event": "tool_invoked", "level": "info", "timestamp": "2026-07-22T16:13:43.191341Z"}
{"session_id": "local-stdio-session", "event": "using_static_access_token", "level": "info", "timestamp": "2026-07-22T16:13:43.191595Z"}
{"method": "POST", "family": "config", "path": "/organization/a1934c08-18c6-4e96-9862-831fe8994392/address-book/9ba275fa-7c63-4a47-afe2-426d2c503642/entry", "attempt": 1, "event": "wxcc_api_call", "level": "info", "timestamp": "2026-07-22T16:13:43.191664Z"}
HTTP Request: POST https://api.wxcc-us1.cisco.com/organization/a1934c08-18c6-4e96-9862-831fe8994392/address-book/9ba275fa-7c63-4a47-afe2-426d2c503642/entry "HTTP/1.1 400 Bad Request"
{"tool": "create_entry", "dry_run": false, "event": "tool_invoked", "level": "info", "timestamp": "2026-07-22T16:13:44.244838Z"}
{"session_id": "local-stdio-session", "event": "using_static_access_token", "level": "info", "timestamp": "2026-07-22T16:13:44.245050Z"}
{"method": "POST", "family": "config", "path": "/organization/a1934c08-18c6-4e96-9862-831fe8994392/address-book/9ba275fa-7c63-4a47-afe2-426d2c503642/entry", "attempt": 1, "event": "wxcc_api_call", "level": "info", "timestamp": "2026-07-22T16:13:44.245107Z"}
HTTP Request: POST https://api.wxcc-us1.cisco.com/organization/a1934c08-18c6-4e96-9862-831fe8994392/address-book/9ba275fa-7c63-4a47-afe2-426d2c503642/entry "HTTP/1.1 400 Bad Request"
{"tool": "create_entry", "dry_run": false, "event": "tool_invoked", "level": "info", "timestamp": "2026-07-22T16:13:45.544017Z"}
{"session_id": "local-stdio-session", "event": "using_static_access_token", "level": "info", "timestamp": "2026-07-22T16:13:45.544651Z"}
{"method": "POST", "family": "config", "path": "/organization/a1934c08-18c6-4e96-9862-831fe8994392/address-book/9ba275fa-7c63-4a47-afe2-426d2c503642/entry", "attempt": 1, "event": "wxcc_api_call", "level": "info", "timestamp": "2026-07-22T16:13:45.544841Z"}
HTTP Request: POST https://api.wxcc-us1.cisco.com/organization/a1934c08-18c6-4e96-9862-831fe8994392/address-book/9ba275fa-7c63-4a47-afe2-426d2c503642/entry "HTTP/1.1 400 Bad Request"
{"tool": "create_entry", "dry_run": false, "event": "tool_invoked", "level": "info", "timestamp": "2026-07-22T16:13:46.987098Z"}
{"session_id": "local-stdio-session", "event": "using_static_access_token", "level": "info", "timestamp": "2026-07-22T16:13:46.989684Z"}
{"method": "POST", "family": "config", "path": "/organization/a1934c08-18c6-4e96-9862-831fe8994392/address-book/9ba275fa-7c63-4a47-afe2-426d2c503642/entry", "attempt": 1, "event": "wxcc_api_call", "level": "info", "timestamp": "2026-07-22T16:13:46.989826Z"}
HTTP Request: POST https://api.wxcc-us1.cisco.com/organization/a1934c08-18c6-4e96-9862-831fe8994392/address-book/9ba275fa-7c63-4a47-afe2-426d2c503642/entry "HTTP/1.1 400 Bad Request"
{"tool": "create_entry", "dry_run": false, "event": "tool_invoked", "level": "info", "timestamp": "2026-07-22T16:13:48.371964Z"}
{"session_id": "local-stdio-session", "event": "using_static_access_token", "level": "info", "timestamp": "2026-07-22T16:13:48.372522Z"}
{"method": "POST", "family": "config", "path": "/organization/a1934c08-18c6-4e96-9862-831fe8994392/address-book/9ba275fa-7c63-4a47-afe2-426d2c503642/entry", "attempt": 1, "event": "wxcc_api_call", "level": "info", "timestamp": "2026-07-22T16:13:48.372603Z"}
HTTP Request: POST https://api.wxcc-us1.cisco.com/organization/a1934c08-18c6-4e96-9862-831fe8994392/address-book/9ba275fa-7c63-4a47-afe2-426d2c503642/entry "HTTP/1.1 400 Bad Request"
{"tool": "create_entry", "dry_run": false, "event": "tool_invoked", "level": "info", "timestamp": "2026-07-22T16:13:49.673734Z"}
{"session_id": "local-stdio-session", "event": "using_static_access_token", "level": "info", "timestamp": "2026-07-22T16:13:49.674091Z"}
{"method": "POST", "family": "config", "path": "/organization/a1934c08-18c6-4e96-9862-831fe8994392/address-book/9ba275fa-7c63-4a47-afe2-426d2c503642/entry", "attempt": 1, "event": "wxcc_api_call", "level": "info", "timestamp": "2026-07-22T16:13:49.674158Z"}
HTTP Request: POST https://api.wxcc-us1.cisco.com/organization/a1934c08-18c6-4e96-9862-831fe8994392/address-book/9ba275fa-7c63-4a47-afe2-426d2c503642/entry "HTTP/1.1 400 Bad Request"
{"tool": "create_entry", "dry_run": false, "event": "tool_invoked", "level": "info", "timestamp": "2026-07-22T16:13:51.193690Z"}
{"session_id": "local-stdio-session", "event": "using_static_access_token", "level": "info", "timestamp": "2026-07-22T16:13:51.193858Z"}
{"method": "POST", "family": "config", "path": "/organization/a1934c08-18c6-4e96-9862-831fe8994392/address-book/9ba275fa-7c63-4a47-afe2-426d2c503642/entry", "attempt": 1, "event": "wxcc_api_call", "level": "info", "timestamp": "2026-07-22T16:13:51.193908Z"}
HTTP Request: POST https://api.wxcc-us1.cisco.com/organization/a1934c08-18c6-4e96-9862-831fe8994392/address-book/9ba275fa-7c63-4a47-afe2-426d2c503642/entry "HTTP/1.1 400 Bad Request"
Processing request of type CallToolRequest
Processing request of type CallToolRequest
Processing request of type CallToolRequest
Processing request of type CallToolRequest
Processing request of type CallToolRequest
Processing request of type CallToolRequest
Processing request of type CallToolRequest
{"tool": "create_entry", "dry_run": true, "event": "tool_invoked", "level": "info", "timestamp": "2026-07-22T16:14:41.406074Z"}
{"tool": "create_entry", "dry_run": true, "event": "tool_invoked", "level": "info", "timestamp": "2026-07-22T16:14:43.727834Z"}
{"tool": "create_entry", "dry_run": true, "event": "tool_invoked", "level": "info", "timestamp": "2026-07-22T16:14:45.954236Z"}
{"tool": "create_entry", "dry_run": false, "event": "tool_invoked", "level": "info", "timestamp": "2026-07-22T16:14:55.398380Z"}
{"session_id": "local-stdio-session", "event": "using_static_access_token", "level": "info", "timestamp": "2026-07-22T16:14:55.398541Z"}
{"method": "POST", "family": "config", "path": "/organization/a1934c08-18c6-4e96-9862-831fe8994392/address-book/9ba275fa-7c63-4a47-afe2-426d2c503642/entry", "attempt": 1, "event": "wxcc_api_call", "level": "info", "timestamp": "2026-07-22T16:14:55.398592Z"}
HTTP Request: POST https://api.wxcc-us1.cisco.com/organization/a1934c08-18c6-4e96-9862-831fe8994392/address-book/9ba275fa-7c63-4a47-afe2-426d2c503642/entry "HTTP/1.1 201 Created"
{"tool": "create_entry", "dry_run": false, "event": "tool_invoked", "level": "info", "timestamp": "2026-07-22T16:14:56.215201Z"}
{"session_id": "local-stdio-session", "event": "using_static_access_token", "level": "info", "timestamp": "2026-07-22T16:14:56.215371Z"}
{"method": "POST", "family": "config", "path": "/organization/a1934c08-18c6-4e96-9862-831fe8994392/address-book/9ba275fa-7c63-4a47-afe2-426d2c503642/entry", "attempt": 1, "event": "wxcc_api_call", "level": "info", "timestamp": "2026-07-22T16:14:56.215477Z"}
HTTP Request: POST https://api.wxcc-us1.cisco.com/organization/a1934c08-18c6-4e96-9862-831fe8994392/address-book/9ba275fa-7c63-4a47-afe2-426d2c503642/entry "HTTP/1.1 201 Created"
{"tool": "create_entry", "dry_run": false, "event": "tool_invoked", "level": "info", "timestamp": "2026-07-22T16:14:57.729914Z"}
{"session_id": "local-stdio-session", "event": "using_static_access_token", "level": "info", "timestamp": "2026-07-22T16:14:57.730064Z"}
{"method": "POST", "family": "config", "path": "/organization/a1934c08-18c6-4e96-9862-831fe8994392/address-book/9ba275fa-7c63-4a47-afe2-426d2c503642/entry", "attempt": 1, "event": "wxcc_api_call", "level": "info", "timestamp": "2026-07-22T16:14:57.730111Z"}
HTTP Request: POST https://api.wxcc-us1.cisco.com/organization/a1934c08-18c6-4e96-9862-831fe8994392/address-book/9ba275fa-7c63-4a47-afe2-426d2c503642/entry "HTTP/1.1 201 Created"
{"tool": "create_entry", "dry_run": false, "event": "tool_invoked", "level": "info", "timestamp": "2026-07-22T16:15:00.344278Z"}
{"session_id": "local-stdio-session", "event": "using_static_access_token", "level": "info", "timestamp": "2026-07-22T16:15:00.344433Z"}
{"method": "POST", "family": "config", "path": "/organization/a1934c08-18c6-4e96-9862-831fe8994392/address-book/9ba275fa-7c63-4a47-afe2-426d2c503642/entry", "attempt": 1, "event": "wxcc_api_call", "level": "info", "timestamp": "2026-07-22T16:15:00.344607Z"}
HTTP Request: POST https://api.wxcc-us1.cisco.com/organization/a1934c08-18c6-4e96-9862-831fe8994392/address-book/9ba275fa-7c63-4a47-afe2-426d2c503642/entry "HTTP/1.1 201 Created"
Processing request of type CallToolRequest
Processing request of type CallToolRequest
Processing request of type CallToolRequest
{"tool": "create_entry", "dry_run": false, "event": "tool_invoked", "level": "info", "timestamp": "2026-07-22T16:15:19.901356Z"}
{"session_id": "local-stdio-session", "event": "using_static_access_token", "level": "info", "timestamp": "2026-07-22T16:15:19.901755Z"}
{"method": "POST", "family": "config", "path": "/organization/a1934c08-18c6-4e96-9862-831fe8994392/address-book/9ba275fa-7c63-4a47-afe2-426d2c503642/entry", "attempt": 1, "event": "wxcc_api_call", "level": "info", "timestamp": "2026-07-22T16:15:19.901936Z"}
HTTP Request: POST https://api.wxcc-us1.cisco.com/organization/a1934c08-18c6-4e96-9862-831fe8994392/address-book/9ba275fa-7c63-4a47-afe2-426d2c503642/entry "HTTP/1.1 201 Created"
{"tool": "create_entry", "dry_run": false, "event": "tool_invoked", "level": "info", "timestamp": "2026-07-22T16:15:21.232671Z"}
{"session_id": "local-stdio-session", "event": "using_static_access_token", "level": "info", "timestamp": "2026-07-22T16:15:21.232920Z"}
{"method": "POST", "family": "config", "path": "/organization/a1934c08-18c6-4e96-9862-831fe8994392/address-book/9ba275fa-7c63-4a47-afe2-426d2c503642/entry", "attempt": 1, "event": "wxcc_api_call", "level": "info", "timestamp": "2026-07-22T16:15:21.232965Z"}
HTTP Request: POST https://api.wxcc-us1.cisco.com/organization/a1934c08-18c6-4e96-9862-831fe8994392/address-book/9ba275fa-7c63-4a47-afe2-426d2c503642/entry "HTTP/1.1 201 Created"
{"tool": "create_entry", "dry_run": false, "event": "tool_invoked", "level": "info", "timestamp": "2026-07-22T16:15:22.214056Z"}
{"session_id": "local-stdio-session", "event": "using_static_access_token", "level": "info", "timestamp": "2026-07-22T16:15:22.214225Z"}
{"method": "POST", "family": "config", "path": "/organization/a1934c08-18c6-4e96-9862-831fe8994392/address-book/9ba275fa-7c63-4a47-afe2-426d2c503642/entry", "attempt": 1, "event": "wxcc_api_call", "level": "info", "timestamp": "2026-07-22T16:15:22.214273Z"}
HTTP Request: POST https://api.wxcc-us1.cisco.com/organization/a1934c08-18c6-4e96-9862-831fe8994392/address-book/9ba275fa-7c63-4a47-afe2-426d2c503642/entry "HTTP/1.1 201 Created"
Processing request of type CallToolRequest
{"tool": "list_entries", "address_book_id": "9ba275fa-7c63-4a47-afe2-426d2c503642", "event": "tool_invoked", "level": "info", "timestamp": "2026-07-22T16:15:27.684879Z"}
{"session_id": "local-stdio-session", "event": "using_static_access_token", "level": "info", "timestamp": "2026-07-22T16:15:27.685165Z"}
{"method": "GET", "family": "config", "path": "/organization/a1934c08-18c6-4e96-9862-831fe8994392/address-book/9ba275fa-7c63-4a47-afe2-426d2c503642/entry", "attempt": 1, "event": "wxcc_api_call", "level": "info", "timestamp": "2026-07-22T16:15:27.685255Z"}
HTTP Request: GET https://api.wxcc-us1.cisco.com/organization/a1934c08-18c6-4e96-9862-831fe8994392/address-book/9ba275fa-7c63-4a47-afe2-426d2c503642/entry?page=0&pageSize=100 "HTTP/1.1 405 Method Not Allowed"
Processing request of type CallToolRequest
{"tool": "get_address_book", "address_book_id": "9ba275fa-7c63-4a47-afe2-426d2c503642", "event": "tool_invoked", "level": "info", "timestamp": "2026-07-22T16:15:33.776333Z"}
{"session_id": "local-stdio-session", "event": "using_static_access_token", "level": "info", "timestamp": "2026-07-22T16:15:33.776600Z"}
{"method": "GET", "family": "config", "path": "/organization/a1934c08-18c6-4e96-9862-831fe8994392/address-book/9ba275fa-7c63-4a47-afe2-426d2c503642", "attempt": 1, "event": "wxcc_api_call", "level": "info", "timestamp": "2026-07-22T16:15:33.776737Z"}
HTTP Request: GET https://api.wxcc-us1.cisco.com/organization/a1934c08-18c6-4e96-9862-831fe8994392/address-book/9ba275fa-7c63-4a47-afe2-426d2c503642 "HTTP/1.1 200 OK"
Processing request of type PingRequest
Processing request of type PingRequest
Processing request of type PingRequest
Processing request of type PingRequest
Processing request of type PingRequest
Processing request of type PingRequest
{"transport": "stdio", "event": "wxcc_mcp_server_starting", "level": "info", "timestamp": "2026-07-24T08:18:29.906043Z"}
Processing request of type ListResourcesRequest
Processing request of type ListToolsRequest
Processing request of type ListResourcesRequest
Processing request of type ListPromptsRequest
Processing request of type SubscribeRequest
Processing request of type SubscribeRequest
Processing request of type SubscribeRequest
Processing request of type PingRequest
Processing request of type PingRequest
Processing request of type ListToolsRequest
Processing request of type ListPromptsRequest
Processing request of type ListResourcesRequest
Processing request of type ListToolsRequest
Processing request of type ListPromptsRequest
Processing request of type ListResourcesRequest
{"transport": "stdio", "event": "wxcc_mcp_server_starting", "level": "info", "timestamp": "2026-07-24T08:29:41.942904Z"}
Processing request of type ListResourcesRequest
Processing request of type ListToolsRequest
Processing request of type ListResourcesRequest
Processing request of type ListPromptsRequest
Processing request of type SubscribeRequest
Processing request of type SubscribeRequest
Processing request of type SubscribeRequest
{"transport": "stdio", "event": "wxcc_mcp_server_starting", "level": "info", "timestamp": "2026-07-24T08:31:57.387086Z"}
Processing request of type ListPromptsRequest
Processing request of type ListToolsRequest
Processing request of type CallToolRequest
{"tool": "map_profiles_to_agents", "org_id": "a1934c08-18c6-4e96-9862-831fe8994392", "event": "tool_invoked", "level": "info", "timestamp": "2026-07-24T08:33:11.370366Z"}
{"session_id": "local-stdio-session", "event": "using_static_access_token", "level": "info", "timestamp": "2026-07-24T08:33:11.770545Z"}
{"method": "GET", "family": "config", "path": "/organization/a1934c08-18c6-4e96-9862-831fe8994392/agent-profile", "attempt": 1, "event": "wxcc_api_call", "level": "info", "timestamp": "2026-07-24T08:33:11.770678Z"}
HTTP Request: GET https://api.wxcc-us1.cisco.com/organization/a1934c08-18c6-4e96-9862-831fe8994392/agent-profile?pageSize=100 "HTTP/1.1 200 OK"
{"session_id": "local-stdio-session", "event": "using_static_access_token", "level": "info", "timestamp": "2026-07-24T08:33:12.960571Z"}
{"method": "GET", "family": "config", "path": "/organization/a1934c08-18c6-4e96-9862-831fe8994392/user", "attempt": 1, "event": "wxcc_api_call", "level": "info", "timestamp": "2026-07-24T08:33:12.960664Z"}
HTTP Request: GET https://api.wxcc-us1.cisco.com/organization/a1934c08-18c6-4e96-9862-831fe8994392/user?pageSize=100 "HTTP/1.1 200 OK"
Processing request of type CallToolRequest
{"tool": "list_address_books", "org_id": "a1934c08-18c6-4e96-9862-831fe8994392", "event": "tool_invoked", "level": "info", "timestamp": "2026-07-24T08:33:36.422501Z"}
{"session_id": "local-stdio-session", "event": "using_static_access_token", "level": "info", "timestamp": "2026-07-24T08:33:36.422669Z"}
{"method": "GET", "family": "config", "path": "/organization/a1934c08-18c6-4e96-9862-831fe8994392/address-book", "attempt": 1, "event": "wxcc_api_call", "level": "info", "timestamp": "2026-07-24T08:33:36.422731Z"}
HTTP Request: GET https://api.wxcc-us1.cisco.com/organization/a1934c08-18c6-4e96-9862-831fe8994392/address-book?pageSize=100 "HTTP/1.1 200 OK"
Processing request of type PingRequest
Processing request of type PingRequest
Processing request of type PingRequest
Processing request of type PingRequest
Processing request of type PingRequest
Processing request of type PingRequest
Processing request of type PingRequest
Processing request of type PingRequest
Processing request of type PingRequest
Processing request of type PingRequest
Processing request of type PingRequest
{"transport": "stdio", "event": "wxcc_mcp_server_starting", "level": "info", "timestamp": "2026-07-24T12:26:38.153792Z"}
Processing request of type ListResourcesRequest
Processing request of type ListToolsRequest
Processing request of type ListResourcesRequest
Processing request of type ListPromptsRequest
Processing request of type ListToolsRequest
Processing request of type SubscribeRequest
Processing request of type SubscribeRequest
Processing request of type ListPromptsRequest
Processing request of type SubscribeRequest
Processing request of type ListResourcesRequest
Processing request of type PingRequest
Processing request of type PingRequest
Processing request of type PingRequest
Processing request of type PingRequest
Processing request of type PingRequest
Processing request of type PingRequest
Processing request of type PingRequest
Processing request of type PingRequest
Processing request of type PingRequest
Processing request of type PingRequest
Processing request of type PingRequest
Processing request of type PingRequest
Processing request of type PingRequest
{"transport": "stdio", "event": "wxcc_mcp_server_starting", "level": "info", "timestamp": "2026-07-24T13:54:15.393439Z"}
Processing request of type ListResourcesRequest
Processing request of type ReadResourceRequest
Processing request of type ReadResourceRequest
Processing request of type ReadResourceRequest
{"transport": "stdio", "event": "wxcc_mcp_server_starting", "level": "info", "timestamp": "2026-07-24T13:55:05.213075Z"}
Processing request of type ListPromptsRequest
Processing request of type GetPromptRequest
Error getting prompt sync_crm_to_address_book
Traceback (most recent call last):
  File "C:\WorkRelated_LocalFiles\WebexOne\wxcc-mcp-server\.venv\Lib\site-packages\mcp\server\fastmcp\server.py", line 1075, in get_prompt
    messages = await prompt.render(arguments, context=self.get_context())
               ^^^^^^^^^^^^^^^^^^^^^^^^^^^^^^^^^^^^^^^^^^^^^^^^^^^^^^^^^^
  File "C:\WorkRelated_LocalFiles\WebexOne\wxcc-mcp-server\.venv\Lib\site-packages\mcp\server\fastmcp\prompts\base.py", line 149, in render
    raise ValueError(f"Missing required arguments: {missing}")
ValueError: Missing required arguments: {'org_id'}
Processing request of type ListToolsRequest
Processing request of type ListToolsRequest
Processing request of type PingRequest
Processing request of type PingRequest
Processing request of type PingRequest
{"transport": "stdio", "event": "wxcc_mcp_server_starting", "level": "info", "timestamp": "2026-07-24T14:11:12.930450Z"}
{"transport": "stdio", "event": "wxcc_mcp_server_starting", "level": "info", "timestamp": "2026-07-24T14:11:13.278131Z"}
Processing request of type PingRequest
Processing request of type PingRequest
Processing request of type CallToolRequest
{"tool": "list_address_books", "intent": "listing address books for org a1934c08-18c6-4e96-9862-831fe8994392", "event": "tool.received", "request_id": "85c921", "level": "info", "timestamp": "2026-07-24T14:23:22.021836Z"}
{"tool": "list_address_books", "org_id": "a1934c08-18c6-4e96-9862-831fe8994392", "event": "tool_invoked", "request_id": "85c921", "level": "info", "timestamp": "2026-07-24T14:23:22.026000Z"}
{"session_id": "local-stdio-session", "event": "using_static_access_token", "request_id": "85c921", "tool": "list_address_books", "level": "info", "timestamp": "2026-07-24T14:23:22.386237Z"}
{"method": "GET", "family": "config", "path": "/organization/a1934c08-18c6-4e96-9862-831fe8994392/address-book", "attempt": 1, "event": "wxcc_api_call", "request_id": "85c921", "tool": "list_address_books", "level": "info", "timestamp": "2026-07-24T14:23:22.386379Z"}
HTTP Request: GET https://api.wxcc-us1.cisco.com/organization/a1934c08-18c6-4e96-9862-831fe8994392/address-book?pageSize=100 "HTTP/1.1 200 OK"
{"tool": "list_address_books", "elapsed_ms": 1449.4, "event": "tool.result", "request_id": "85c921", "level": "info", "timestamp": "2026-07-24T14:23:23.470876Z"}
{"transport": "stdio", "event": "wxcc_mcp_server_starting", "level": "info", "timestamp": "2026-07-24T14:23:53.554688Z"}
{"transport": "stdio", "event": "wxcc_mcp_server_starting", "level": "info", "timestamp": "2026-07-24T14:23:54.440985Z"}
Processing request of type CallToolRequest
{"tool": "list_address_books", "intent": "listing address books for org a1934c08-18c6-4e96-9862-831fe8994392", "event": "tool.received", "request_id": "f5cec8", "level": "info", "timestamp": "2026-07-24T14:25:07.937656Z"}
{"tool": "list_address_books", "org_id": "a1934c08-18c6-4e96-9862-831fe8994392", "event": "tool_invoked", "request_id": "f5cec8", "level": "info", "timestamp": "2026-07-24T14:25:07.937864Z"}
{"session_id": "local-stdio-session", "event": "using_static_access_token", "request_id": "f5cec8", "tool": "list_address_books", "level": "info", "timestamp": "2026-07-24T14:25:07.937956Z"}
{"method": "GET", "family": "config", "path": "/organization/a1934c08-18c6-4e96-9862-831fe8994392/address-book", "attempt": 1, "event": "wxcc_api_call", "request_id": "f5cec8", "tool": "list_address_books", "level": "info", "timestamp": "2026-07-24T14:25:07.937995Z"}
HTTP Request: GET https://api.wxcc-us1.cisco.com/organization/a1934c08-18c6-4e96-9862-831fe8994392/address-book?pageSize=100 "HTTP/1.1 200 OK"
{"tool": "list_address_books", "elapsed_ms": 933.8, "event": "tool.result", "request_id": "f5cec8", "level": "info", "timestamp": "2026-07-24T14:25:08.871439Z"}
Processing request of type ListToolsRequest
Processing request of type ListToolsRequest
Processing request of type ListToolsRequest
Processing request of type ListToolsRequest
Processing request of type PingRequest
Processing request of type PingRequest
Processing request of type PingRequest
Processing request of type PingRequest
Processing request of type PingRequest
Processing request of type PingRequest
Processing request of type CallToolRequest
{"tool": "list_address_books", "intent": "listing address books for org a1934c08-18c6-4e96-9862-831fe8994392", "event": "tool.received", "request_id": "304117", "level": "info", "timestamp": "2026-07-24T14:53:16.116907Z"}
{"tool": "list_address_books", "org_id": "a1934c08-18c6-4e96-9862-831fe8994392", "event": "tool_invoked", "request_id": "304117", "level": "info", "timestamp": "2026-07-24T14:53:16.117918Z"}
{"session_id": "local-stdio-session", "event": "using_static_access_token", "request_id": "304117", "tool": "list_address_books", "level": "info", "timestamp": "2026-07-24T14:53:16.670903Z"}
{"method": "GET", "family": "config", "path": "/organization/a1934c08-18c6-4e96-9862-831fe8994392/address-book", "attempt": 1, "event": "wxcc_api_call", "request_id": "304117", "tool": "list_address_books", "level": "info", "timestamp": "2026-07-24T14:53:16.671106Z"}
HTTP Request: GET https://api.wxcc-us1.cisco.com/organization/a1934c08-18c6-4e96-9862-831fe8994392/address-book?pageSize=100 "HTTP/1.1 200 OK"
{"tool": "list_address_books", "elapsed_ms": 1523.0, "event": "tool.result", "request_id": "304117", "level": "info", "timestamp": "2026-07-24T14:53:17.639930Z"}
Processing request of type ListToolsRequest
Processing request of type ListPromptsRequest
Processing request of type ListResourcesRequest
Processing request of type ListToolsRequest
Processing request of type ListPromptsRequest
Processing request of type ListResourcesRequest
Processing request of type PingRequest
Processing request of type PingRequest
Processing request of type ListToolsRequest
Processing request of type ListPromptsRequest
Processing request of type ListResourcesRequest
Processing request of type ListToolsRequest
Processing request of type ListPromptsRequest
Processing request of type ListResourcesRequest
{"transport": "stdio", "event": "wxcc_mcp_server_starting", "level": "debug", "timestamp": "2026-07-24T15:04:16.466017Z"}
Processing request of type ListResourcesRequest
Processing request of type ListToolsRequest
Processing request of type ListResourcesRequest
Processing request of type ListPromptsRequest
Processing request of type SubscribeRequest
Processing request of type SubscribeRequest
Processing request of type SubscribeRequest
Processing request of type ListToolsRequest
Processing request of type ListPromptsRequest
Processing request of type ListResourcesRequest
Processing request of type ListToolsRequest
Processing request of type ListPromptsRequest
Processing request of type ListResourcesRequest
Processing request of type CallToolRequest
{"tool": "list_address_books", "intent": "listing address books for org a1934c08-18c6-4e96-9862-831fe8994392", "event": "tool.received", "request_id": "4db030", "level": "info", "timestamp": "2026-07-24T15:06:06.629710Z"}
{"tool": "list_address_books", "org_id": "a1934c08-18c6-4e96-9862-831fe8994392", "event": "tool_invoked", "request_id": "4db030", "level": "info", "timestamp": "2026-07-24T15:06:06.630102Z"}
{"session_id": "local-stdio-session", "event": "using_static_access_token", "request_id": "4db030", "tool": "list_address_books", "level": "info", "timestamp": "2026-07-24T15:06:06.997217Z"}
{"method": "GET", "family": "config", "path": "/organization/a1934c08-18c6-4e96-9862-831fe8994392/address-book", "attempt": 1, "event": "wxcc_api_call", "request_id": "4db030", "tool": "list_address_books", "level": "info", "timestamp": "2026-07-24T15:06:06.997376Z"}
HTTP Request: GET https://api.wxcc-us1.cisco.com/organization/a1934c08-18c6-4e96-9862-831fe8994392/address-book?pageSize=100 "HTTP/1.1 200 OK"
{"tool": "list_address_books", "elapsed_ms": 1517.1, "event": "tool.result", "request_id": "4db030", "level": "info", "timestamp": "2026-07-24T15:06:08.146722Z"}
Processing request of type PingRequest
Processing request of type PingRequest
Processing request of type PingRequest
Processing request of type PingRequest
Processing request of type PingRequest
Processing request of type PingRequest
Processing request of type PingRequest
Processing request of type PingRequest
Processing request of type PingRequest
Processing request of type PingRequest
Processing request of type PingRequest
Processing request of type PingRequest
Processing request of type PingRequest
Processing request of type PingRequest
Processing request of type PingRequest
Processing request of type PingRequest
Processing request of type PingRequest
Processing request of type PingRequest
Processing request of type CallToolRequest
{"tool": "list_address_books", "intent": "listing address books for org a1934c08-18c6-4e96-9862-831fe8994392", "event": "tool.received", "request_id": "35be6e", "level": "info", "timestamp": "2026-07-24T16:39:02.253474Z"}
{"tool": "list_address_books", "org_id": "a1934c08-18c6-4e96-9862-831fe8994392", "event": "tool_invoked", "request_id": "35be6e", "level": "info", "timestamp": "2026-07-24T16:39:02.254425Z"}
{"session_id": "local-stdio-session", "event": "using_static_access_token", "request_id": "35be6e", "tool": "list_address_books", "level": "info", "timestamp": "2026-07-24T16:39:02.254899Z"}
{"method": "GET", "family": "config", "path": "/organization/a1934c08-18c6-4e96-9862-831fe8994392/address-book", "attempt": 1, "event": "wxcc_api_call", "request_id": "35be6e", "tool": "list_address_books", "level": "info", "timestamp": "2026-07-24T16:39:02.255049Z"}
HTTP Request: GET https://api.wxcc-us1.cisco.com/organization/a1934c08-18c6-4e96-9862-831fe8994392/address-book?pageSize=100 "HTTP/1.1 200 OK"
{"tool": "list_address_books", "elapsed_ms": 983.3, "event": "tool.result", "request_id": "35be6e", "level": "info", "timestamp": "2026-07-24T16:39:03.236238Z"}
Processing request of type PingRequest
Processing request of type PingRequest
Processing request of type PingRequest
{"transport": "stdio", "event": "wxcc_mcp_server_starting", "level": "debug", "timestamp": "2026-07-26T12:47:16.211042Z"}
Processing request of type ListResourcesRequest
Processing request of type ListToolsRequest
Processing request of type ListResourcesRequest
Processing request of type ListPromptsRequest
Processing request of type SubscribeRequest
Processing request of type SubscribeRequest
Processing request of type SubscribeRequest
Processing request of type PingRequest
Processing request of type PingRequest
Processing request of type PingRequest
Processing request of type PingRequest
Processing request of type PingRequest
Processing request of type PingRequest
Processing request of type PingRequest
Processing request of type PingRequest
Processing request of type PingRequest
Processing request of type PingRequest
Processing request of type PingRequest
Processing request of type PingRequest
Processing request of type PingRequest
Processing request of type PingRequest
Processing request of type PingRequest
Processing request of type PingRequest
Processing request of type PingRequest
Processing request of type PingRequest
Processing request of type PingRequest
Processing request of type PingRequest
Processing request of type PingRequest
Processing request of type PingRequest
Processing request of type PingRequest
Processing request of type PingRequest
Processing request of type PingRequest
Processing request of type PingRequest
Processing request of type PingRequest
Processing request of type PingRequest
Processing request of type PingRequest
Processing request of type PingRequest
Processing request of type PingRequest
Processing request of type PingRequest
Processing request of type PingRequest
Processing request of type PingRequest
Processing request of type PingRequest
Processing request of type PingRequest
Processing request of type PingRequest
Processing request of type PingRequest
Processing request of type PingRequest
Processing request of type PingRequest
Processing request of type PingRequest
Processing request of type PingRequest
Processing request of type PingRequest
Processing request of type PingRequest
